id,indicatordescriptionid,timeframeid,timeframe,localeid,locale_name,gvid,modifiergraphid,dimensiongraphid,dimensiongraphsortorder,modifiergraphsortorder,dimensiongraphlabel,dimensiongraphheader,textualvalue,floatvalue,formattedvalue,graphvalue,numerator,denominator,confidenceintervallow,confidenceintervallowformatted,graphcilowvalue,confidenceintervalhigh,confidenceintervalhighformatted,graphcihighvalue,standarderror,standarderrorformatted,standarderrorgraphvalue,integraltarget,floattarget,formattedtarget,fipscode,ssacode,hrrcode
410893050,1001,15,2007-2009,0,National,,0,1,1,1,Total,Total,,57.9,57.9%,57.9,,,56.6,56.6%,56.6,59.2,59.2%,59.2,0.7,0.7,0.7,,,,0,,
410893051,1001,15,2007-2009,0,National,,0,1205,1609,1,Male,Sex,,57.2,57.2%,57.2,,,55.3,55.3%,55.3,59.0,59.0%,59.0,0.9,0.9,0.9,,,,0,,
410893052,1001,15,2007-2009,0,National,,0,1216,1610,1,Female,Sex,,58.6,58.6%,58.6,,,56.7,56.7%,56.7,60.5,60.5%,60.5,1.0,1.0,1.0,,,,0,,
410893053,1001,15,2007-2009,0,National,,0,1227,1718,1,White only,Race/Ethnicity,,57.0,57.0%,57.0,,,55.5,55.5%,55.5,58.5,58.5%,58.5,0.8,0.8,0.8,,,,0,,
410893054,1001,15,2007-2009,0,National,,0,1230,1721,1,Black or African American only,Race/Ethnicity,,60.4,60.4%,60.4,,,56.8,56.8%,56.8,63.9,63.9%,63.9,1.8,1.8,1.8,,,,0,,
410893055,1001,15,2007-2009,0,National,,0,1232,1723,1,American Indian or Alaska Native only,Race/Ethnicity,DSU,,DSU,,,,,,,,,,,,,,,,0,,
410893056,1001,15,2007-2009,0,National,,0,1234,1725,1,Asian only,Race/Ethnicity,,55.9,55.9%,55.9,,,48.4,48.4%,48.4,63.2,63.2%,63.2,3.8,3.8,3.8,,,,0,,
410893057,1001,15,2007-2009,0,National,,0,1238,1729,1,Native Hawaiian or Other Pacific Islander only,Race/Ethnicity,DSU,,DSU,,,,,,,,,,,,,,,,0,,
410893058,1001,15,2007-2009,0,National,,0,1240,1731,1,2 or more races,Race/Ethnicity,,61.6,61.6%,61.6,,,56.3,56.3%,56.3,66.6,66.6%,66.6,2.7,2.7,2.7,,,,0,,
410893059,1001,15,2007-2009,0,National,,0,1245,1735,1,Hispanic or Latino,Race/Ethnicity,,57.9,57.9%,57.9,,,54.7,54.7%,54.7,60.9,60.9%,60.9,1.6,1.6,1.6,,,,0,,
410893060,1001,15,2007-2009,0,National,,0,1246,1742,1,"White only, non-Hispanic",Race/Ethnicity,,56.4,56.4%,56.4,,,54.8,54.8%,54.8,58.0,58.0%,58.0,0.8,0.8,0.8,,,,0,,
410893061,1001,15,2007-2009,0,National,,0,1248,1744,1,"Black or African American only, non-Hispanic",Race/Ethnicity,,61.0,61.0%,61.0,,,57.3,57.3%,57.3,64.6,64.6%,64.6,1.9,1.9,1.9,,,,0,,
410893062,1001,15,2007-2009,0,National,,0,1257,1741,1,Not Hispanic or Latino,Race/Ethnicity,,57.9,57.9%,57.9,,,56.5,56.5%,56.5,59.2,59.2%,59.2,0.7,0.7,0.7,,,,0,,
410893063,1001,15,2007-2009,0,National,,0,1263,1886,1,Family income (% Poverty Threshold): <100%,Income and Poverty Status,,60.2,60.2%,60.2,,,57.4,57.4%,57.4,62.9,62.9%,62.9,1.4,1.4,1.4,,,,0,,
410893064,1001,15,2007-2009,0,National,,0,1266,1889,1,Family income (% Poverty Threshold): 100-199%,Income and Poverty Status,,60.7,60.7%,60.7,,,57.9,57.9%,57.9,63.5,63.5%,63.5,1.4,1.4,1.4,,,,0,,
410893065,1001,15,2007-2009,0,National,,0,1271,1896,1,Family income (% Poverty Threshold): 200-399%,Income and Poverty Status,,57.5,57.5%,57.5,,,55.0,55.0%,55.0,59.9,59.9%,59.9,1.2,1.2,1.2,,,,0,,
410893066,1001,15,2007-2009,0,National,,0,1276,1901,1,Family income (% Poverty Threshold): 400-599%,Income and Poverty Status,,54.4,54.4%,54.4,,,51.3,51.3%,51.3,57.4,57.4%,57.4,1.5,1.5,1.5,,,,0,,
410893067,1001,15,2007-2009,0,National,,0,1278,1903,1,Family income (% Poverty Threshold): 600+%,Income and Poverty Status,,50.2,50.2%,50.2,,,46.3,46.3%,46.3,54.0,54.0%,54.0,2.0,2.0,2.0,,,,0,,
410893068,1001,15,2007-2009,0,National,,20,1291,1836,24,"Education: < High school (Of mother, 25 years and over)",Educational Attainment,,57.1,57.1%,57.1,,,52.4,52.4%,52.4,61.7,61.7%,61.7,2.4,2.4,2.4,,,,0,,
410893069,1001,15,2007-2009,0,National,,20,1292,1837,24,"Education: High school (Of mother, 25 years and over)",Educational Attainment,,59.1,59.1%,59.1,,,55.7,55.7%,55.7,62.3,62.3%,62.3,1.7,1.7,1.7,,,,0,,
410893070,1001,15,2007-2009,0,National,,20,1295,1840,24,"Education: Some college (Of mother, 25 years and over)",Educational Attainment,,60.3,60.3%,60.3,,,56.9,56.9%,56.9,63.7,63.7%,63.7,1.7,1.7,1.7,,,,0,,
410893071,1001,15,2007-2009,0,National,,20,1298,1844,24,"Education: Associates degree (Of mother, 25 years and over)",Educational Attainment,,57.8,57.8%,57.8,,,53.7,53.7%,53.7,61.8,61.8%,61.8,2.1,2.1,2.1,,,,0,,
410893072,1001,15,2007-2009,0,National,,20,1299,1845,24,"Education: 4-year college degree (Of mother, 25 years and over)",Educational Attainment,,56.4,56.4%,56.4,,,54.0,54.0%,54.0,58.8,58.8%,58.8,1.2,1.2,1.2,,,,0,,
410893073,1001,15,2007-2009,0,National,,20,1302,1848,24,"Education: Advanced degree (Of mother, 25 years and over)",Educational Attainment,,49.9,49.9%,49.9,,,46.9,46.9%,46.9,52.9,52.9%,52.9,1.6,1.6,1.6,,,,0,,
410893074,1001,15,2007-2009,0,National,,0,1303,1874,1,Private health insurance,Health Insurance Status,,58.8,58.8%,58.8,,,56.0,56.0%,56.0,61.6,61.6%,61.6,1.4,1.4,1.4,,,,0,,
410893075,1001,15,2007-2009,0,National,,0,1304,1875,1,Public health insurance,Health Insurance Status,,60.2,60.2%,60.2,,,55.9,55.9%,55.9,64.4,64.4%,64.4,2.2,2.2,2.2,,,,0,,
410893076,1001,15,2007-2009,0,National,,0,1305,1873,1,Any health insurance,Health Insurance Status,,59.4,59.4%,59.4,,,57.0,57.0%,57.0,61.8,61.8%,61.8,1.2,1.2,1.2,,,,0,,
410893077,1001,15,2007-2009,0,National,,0,1306,1877,1,No health insurance,Health Insurance Status,DSU,,DSU,,,,,,,,,,,,,,,,0,,
410893078,1001,15,2007-2009,0,National,,0,1340,1812,1,Born in US,Country of Birth,,58.0,58.0%,58.0,,,56.7,56.7%,56.7,59.3,59.3%,59.3,0.7,0.7,0.7,,,,0,,
410893079,1001,15,2007-2009,0,National,,0,1341,1813,1,Born outside of US,Country of Birth,DSU,,DSU,,,,,,,,,,,,,,,,0,,
410893080,1001,15,2007-2009,0,National,,0,1442,1862,1,Metropolitan,Geography,,56.9,56.9%,56.9,,,55.4,55.4%,55.4,58.4,58.4%,58.4,0.8,0.8,0.8,,,,0,,
410893081,1001,15,2007-2009,0,National,,0,1443,1863,1,Non-metropolitan,Geography,,62.9,62.9%,62.9,,,60.3,60.3%,60.3,65.5,65.5%,65.5,1.3,1.3,1.3,,,,0,,
410893082,1001,15,2007-2009,1,Alabama,0E01,0,1,1,1,Total,Total,,73.7,73.7%,73.7,,,67.5,67.5%,67.5,79.1,79.1%,79.1,3.0,3.0,3.0,,,,1,,
410893083,1001,15,2007-2009,2,Alaska,0E02,0,1,1,1,Total,Total,,64.3,64.3%,64.3,,,56.4,56.4%,56.4,71.6,71.6%,71.6,3.9,3.9,3.9,,,,2,,
410893084,1001,15,2007-2009,4,Arizona,0E04,0,1,1,1,Total,Total,,81.4,81.4%,81.4,,,75.5,75.5%,75.5,86.1,86.1%,86.1,2.7,2.7,2.7,,,,4,,
410893085,1001,15,2007-2009,5,Arkansas,0E05,0,1,1,1,Total,Total,,72.1,72.1%,72.1,,,65.0,65.0%,65.0,78.2,78.2%,78.2,3.4,3.4,3.4,,,,5,,
410893086,1001,15,2007-2009,6,California,0E06,0,1,1,1,Total,Total,,40.9,40.9%,40.9,,,35.5,35.5%,35.5,46.5,46.5%,46.5,2.8,2.8,2.8,,,,6,,
410893087,1001,15,2007-2009,8,Colorado,0E08,0,1,1,1,Total,Total,,47.3,47.3%,47.3,,,38.5,38.5%,38.5,56.4,56.4%,56.4,4.6,4.6,4.6,,,,8,,
410893088,1001,15,2007-2009,9,Connecticut,0E09,0,1,1,1,Total,Total,,54.8,54.8%,54.8,,,45.6,45.6%,45.6,63.7,63.7%,63.7,4.7,4.7,4.7,,,,9,,
410893089,1001,15,2007-2009,10,Delaware,0E0a,0,1,1,1,Total,Total,,57.6,57.6%,57.6,,,49.5,49.5%,49.5,65.2,65.2%,65.2,4.0,4.0,4.0,,,,10,,
410893090,1001,15,2007-2009,11,District of Columbia,0E0b,0,1,1,1,Total,Total,,62.8,62.8%,62.8,,,55.2,55.2%,55.2,69.9,69.9%,69.9,3.8,3.8,3.8,,,,11,,
410893091,1001,15,2007-2009,12,Florida,0E0c,0,1,1,1,Total,Total,,45.4,45.4%,45.4,,,38.8,38.8%,38.8,52.2,52.2%,52.2,3.4,3.4,3.4,,,,12,,
410893092,1001,15,2007-2009,13,Georgia,0E0d,0,1,1,1,Total,Total,,72.3,72.3%,72.3,,,65.9,65.9%,65.9,78.0,78.0%,78.0,3.1,3.1,3.1,,,,13,,
410893093,1001,15,2007-2009,15,Hawaii,0E0f,0,1,1,1,Total,Total,,65.2,65.2%,65.2,,,57.1,57.1%,57.1,72.4,72.4%,72.4,3.9,3.9,3.9,,,,15,,
410893094,1001,15,2007-2009,16,Idaho,0E0g,0,1,1,1,Total,Total,,65.2,65.2%,65.2,,,57.8,57.8%,57.8,71.9,71.9%,71.9,3.6,3.6,3.6,,,,16,,
410893095,1001,15,2007-2009,17,Illinois,0E0h,0,1,1,1,Total,Total,,55.8,55.8%,55.8,,,50.4,50.4%,50.4,61.1,61.1%,61.1,2.7,2.7,2.7,,,,17,,
410893096,1001,15,2007-2009,18,Indiana,0E0i,0,1,1,1,Total,Total,,71.2,71.2%,71.2,,,65.0,65.0%,65.0,76.7,76.7%,76.7,3.0,3.0,3.0,,,,18,,
410893097,1001,15,2007-2009,19,Iowa,0E0j,0,1,1,1,Total,Total,,33.9,33.9%,33.9,,,27.8,27.8%,27.8,40.6,40.6%,40.6,3.3,3.3,3.3,,,,19,,
410893098,1001,15,2007-2009,20,Kansas,0E0k,0,1,1,1,Total,Total,,63.4,63.4%,63.4,,,55.1,55.1%,55.1,70.9,70.9%,70.9,4.1,4.1,4.1,,,,20,,
410893099,1001,15,2007-2009,21,Kentucky,0E0l,0,1,1,1,Total,Total,,79.6,79.6%,79.6,,,74.2,74.2%,74.2,84.1,84.1%,84.1,2.5,2.5,2.5,,,,21,,
410893100,1001,15,2007-2009,22,Louisiana,0E0m,0,1,1,1,Total,Total,,62.3,62.3%,62.3,,,55.6,55.6%,55.6,68.6,68.6%,68.6,3.3,3.3,3.3,,,,22,,
410893101,1001,15,2007-2009,23,Maine,0E0n,0,1,1,1,Total,Total,,65.7,65.7%,65.7,,,59.0,59.0%,59.0,71.8,71.8%,71.8,3.3,3.3,3.3,,,,23,,
410893102,1001,15,2007-2009,24,Maryland,0E0o,0,1,1,1,Total,Total,,63.3,63.3%,63.3,,,55.9,55.9%,55.9,70.1,70.1%,70.1,3.6,3.6,3.6,,,,24,,
410893103,1001,15,2007-2009,25,Massachusetts,0E0p,0,1,1,1,Total,Total,,64.0,64.0%,64.0,,,56.2,56.2%,56.2,71.0,71.0%,71.0,3.8,3.8,3.8,,,,25,,
410893104,1001,15,2007-2009,26,Michigan,0E0q,0,1,1,1,Total,Total,,76.7,76.7%,76.7,,,69.9,69.9%,69.9,82.4,82.4%,82.4,3.2,3.2,3.2,,,,26,,
410893105,1001,15,2007-2009,27,Minnesota,0E0r,0,1,1,1,Total,Total,,26.7,26.7%,26.7,,,21.6,21.6%,21.6,32.5,32.5%,32.5,2.8,2.8,2.8,,,,27,,
410893106,1001,15,2007-2009,28,Mississippi,0E0s,0,1,1,1,Total,Total,,67.9,67.9%,67.9,,,62.0,62.0%,62.0,73.3,73.3%,73.3,2.9,2.9,2.9,,,,28,,
410893107,1001,15,2007-2009,29,Missouri,0E0t,0,1,1,1,Total,Total,,56.1,56.1%,56.1,,,49.3,49.3%,49.3,62.7,62.7%,62.7,3.4,3.4,3.4,,,,29,,
410893108,1001,15,2007-2009,30,Montana,0E0u,0,1,1,1,Total,Total,,65.6,65.6%,65.6,,,58.3,58.3%,58.3,72.3,72.3%,72.3,3.6,3.6,3.6,,,,30,,
410893109,1001,15,2007-2009,31,Nebraska,0E0v,0,1,1,1,Total,Total,,35.4,35.4%,35.4,,,29.0,29.0%,29.0,42.3,42.3%,42.3,3.4,3.4,3.4,,,,31,,
410893110,1001,15,2007-2009,32,Nevada,0E0w,0,1,1,1,Total,Total,,69.2,69.2%,69.2,,,62.5,62.5%,62.5,75.1,75.1%,75.1,3.2,3.2,3.2,,,,32,,
410893111,1001,15,2007-2009,33,New Hampshire,0E0x,0,1,1,1,Total,Total,,66.9,66.9%,66.9,,,59.9,59.9%,59.9,73.3,73.3%,73.3,3.4,3.4,3.4,,,,33,,
410893112,1001,15,2007-2009,34,New Jersey,0E0y,0,1,1,1,Total,Total,,44.7,44.7%,44.7,,,37.7,37.7%,37.7,52.0,52.0%,52.0,3.7,3.7,3.7,,,,34,,
410893113,1001,15,2007-2009,35,New Mexico,0E0z,0,1,1,1,Total,Total,,56.1,56.1%,56.1,,,48.9,48.9%,48.9,63.0,63.0%,63.0,3.6,3.6,3.6,,,,35,,
410893114,1001,15,2007-2009,36,New York,0E0A,0,1,1,1,Total,Total,,38.7,38.7%,38.7,,,33.7,33.7%,33.7,44.1,44.1%,44.1,2.7,2.7,2.7,,,,36,,
410893115,1001,15,2007-2009,37,North Carolina,0E0B,0,1,1,1,Total,Total,,79.3,79.3%,79.3,,,73.2,73.2%,73.2,84.3,84.3%,84.3,2.8,2.8,2.8,,,,37,,
410893116,1001,15,2007-2009,38,North Dakota,0E0C,0,1,1,1,Total,Total,,73.4,73.4%,73.4,,,66.7,66.7%,66.7,79.2,79.2%,79.2,3.2,3.2,3.2,,,,38,,
410893117,1001,15,2007-2009,39,Ohio,0E0D,0,1,1,1,Total,Total,,68.2,68.2%,68.2,,,61.2,61.2%,61.2,74.5,74.5%,74.5,3.4,3.4,3.4,,,,39,,
410893118,1001,15,2007-2009,40,Oklahoma,0E0E,0,1,1,1,Total,Total,,65.2,65.2%,65.2,,,58.1,58.1%,58.1,71.6,71.6%,71.6,3.5,3.5,3.5,,,,40,,
410893119,1001,15,2007-2009,41,Oregon,0E0F,0,1,1,1,Total,Total,,43.3,43.3%,43.3,,,36.2,36.2%,36.2,50.6,50.6%,50.6,3.7,3.7,3.7,,,,41,,
410893120,1001,15,2007-2009,42,Pennsylvania,0E0G,0,1,1,1,Total,Total,,71.1,71.1%,71.1,,,65.2,65.2%,65.2,76.4,76.4%,76.4,2.9,2.9,2.9,,,,42,,
410893121,1001,15,2007-2009,44,Rhode Island,0E0I,0,1,1,1,Total,Total,,71.3,71.3%,71.3,,,63.5,63.5%,63.5,78.0,78.0%,78.0,3.7,3.7,3.7,,,,44,,
410893122,1001,15,2007-2009,45,South Carolina,0E0J,0,1,1,1,Total,Total,,63.5,63.5%,63.5,,,56.5,56.5%,56.5,69.9,69.9%,69.9,3.4,3.4,3.4,,,,45,,
410893123,1001,15,2007-2009,46,South Dakota,0E0K,0,1,1,1,Total,Total,,51.4,51.4%,51.4,,,44.5,44.5%,44.5,58.3,58.3%,58.3,3.5,3.5,3.5,,,,46,,
410893124,1001,15,2007-2009,47,Tennessee,0E0L,0,1,1,1,Total,Total,,41.6,41.6%,41.6,,,34.9,34.9%,34.9,48.6,48.6%,48.6,3.5,3.5,3.5,,,,47,,
410893125,1001,15,2007-2009,48,Texas,0E0M,0,1,1,1,Total,Total,,69.4,69.4%,69.4,,,64.6,64.6%,64.6,73.8,73.8%,73.8,2.4,2.4,2.4,,,,48,,
410893126,1001,15,2007-2009,49,Utah,0E0N,0,1,1,1,Total,Total,,81.1,81.1%,81.1,,,74.2,74.2%,74.2,86.5,86.5%,86.5,3.1,3.1,3.1,,,,49,,
410893127,1001,15,2007-2009,50,Vermont,0E0O,0,1,1,1,Total,Total,,20.3,20.3%,20.3,,,15.0,15.0%,15.0,26.9,26.9%,26.9,3.0,3.0,3.0,,,,50,,
410893128,1001,15,2007-2009,51,Virginia,0E0P,0,1,1,1,Total,Total,,51.8,51.8%,51.8,,,43.5,43.5%,43.5,60.0,60.0%,60.0,4.2,4.2,4.2,,,,51,,
410893129,1001,15,2007-2009,53,Washington,0E0R,0,1,1,1,Total,Total,,70.5,70.5%,70.5,,,64.7,64.7%,64.7,75.6,75.6%,75.6,2.8,2.8,2.8,,,,53,,
410893130,1001,15,2007-2009,54,West Virginia,0E0S,0,1,1,1,Total,Total,,55.9,55.9%,55.9,,,48.2,48.2%,48.2,63.3,63.3%,63.3,3.9,3.9,3.9,,,,54,,
410893131,1001,15,2007-2009,55,Wisconsin,0E0T,0,1,1,1,Total,Total,,58.3,58.3%,58.3,,,50.6,50.6%,50.6,65.6,65.6%,65.6,3.8,3.8,3.8,,,,55,,
410893132,1001,15,2007-2009,56,Wyoming,0E0U,0,1,1,1,Total,Total,,61.2,61.2%,61.2,,,54.6,54.6%,54.6,67.4,67.4%,67.4,3.3,3.3,3.3,,,,56,,
410893133,1001,28,2006-2008,0,National,,0,1,1,1,Total,Total,,50.9,50.9%,50.9,,,49.6,49.6%,49.6,52.3,52.3%,52.3,0.7,0.7,0.7,,,,0,,
410893134,1001,28,2006-2008,0,National,,0,1205,1609,1,Male,Sex,,50.8,50.8%,50.8,,,48.9,48.9%,48.9,52.7,52.7%,52.7,1.0,1.0,1.0,,,,0,,
410893135,1001,28,2006-2008,0,National,,0,1216,1610,1,Female,Sex,,51.0,51.0%,51.0,,,49.1,49.1%,49.1,52.9,52.9%,52.9,1.0,1.0,1.0,,,,0,,
410893136,1001,28,2006-2008,0,National,,0,1227,1718,1,White only,Race/Ethnicity,,50.4,50.4%,50.4,,,48.9,48.9%,48.9,52.0,52.0%,52.0,0.8,0.8,0.8,,,,0,,
410893137,1001,28,2006-2008,0,National,,0,1230,1721,1,Black or African American only,Race/Ethnicity,,54.4,54.4%,54.4,,,50.6,50.6%,50.6,58.2,58.2%,58.2,2.0,2.0,2.0,,,,0,,
410893138,1001,28,2006-2008,0,National,,0,1232,1723,1,American Indian or Alaska Native only,Race/Ethnicity,DSU,,DSU,,,,,,,,,,,,,,,,0,,
410893139,1001,28,2006-2008,0,National,,0,1234,1725,1,Asian only,Race/Ethnicity,,42.3,42.3%,42.3,,,35.5,35.5%,35.5,49.4,49.4%,49.4,3.6,3.6,3.6,,,,0,,
410893140,1001,28,2006-2008,0,National,,0,1238,1729,1,Native Hawaiian or Other Pacific Islander only,Race/Ethnicity,DSU,,DSU,,,,,,,,,,,,,,,,0,,
410893141,1001,28,2006-2008,0,National,,0,1240,1731,1,2 or more races,Race/Ethnicity,,56.8,56.8%,56.8,,,51.0,51.0%,51.0,62.4,62.4%,62.4,2.9,2.9,2.9,,,,0,,
410893142,1001,28,2006-2008,0,National,,0,1245,1735,1,Hispanic or Latino,Race/Ethnicity,,49.8,49.8%,49.8,,,46.7,46.7%,46.7,52.8,52.8%,52.8,1.6,1.6,1.6,,,,0,,
410893143,1001,28,2006-2008,0,National,,0,1246,1742,1,"White only, non-Hispanic",Race/Ethnicity,,50.8,50.8%,50.8,,,49.1,49.1%,49.1,52.4,52.4%,52.4,0.8,0.8,0.8,,,,0,,
410893144,1001,28,2006-2008,0,National,,0,1248,1744,1,"Black or African American only, non-Hispanic",Race/Ethnicity,,54.3,54.3%,54.3,,,50.3,50.3%,50.3,58.3,58.3%,58.3,2.1,2.1,2.1,,,,0,,
410893145,1001,28,2006-2008,0,National,,0,1257,1741,1,Not Hispanic or Latino,Race/Ethnicity,,51.4,51.4%,51.4,,,49.9,49.9%,49.9,52.8,52.8%,52.8,0.7,0.7,0.7,,,,0,,
410893146,1001,28,2006-2008,0,National,,0,1263,1886,1,Family income (% Poverty Threshold): <100%,Income and Poverty Status,,52.7,52.7%,52.7,,,50.0,50.0%,50.0,55.3,55.3%,55.3,1.3,1.3,1.3,,,,0,,
410893147,1001,28,2006-2008,0,National,,0,1266,1889,1,Family income (% Poverty Threshold): 100-199%,Income and Poverty Status,,52.9,52.9%,52.9,,,49.6,49.6%,49.6,56.1,56.1%,56.1,1.6,1.6,1.6,,,,0,,
410893148,1001,28,2006-2008,0,National,,0,1271,1896,1,Family income (% Poverty Threshold): 200-399%,Income and Poverty Status,,50.9,50.9%,50.9,,,48.4,48.4%,48.4,53.3,53.3%,53.3,1.2,1.2,1.2,,,,0,,
410893149,1001,28,2006-2008,0,National,,0,1276,1901,1,Family income (% Poverty Threshold): 400-599%,Income and Poverty Status,,47.0,47.0%,47.0,,,43.9,43.9%,43.9,50.2,50.2%,50.2,1.6,1.6,1.6,,,,0,,
410893150,1001,28,2006-2008,0,National,,0,1278,1903,1,Family income (% Poverty Threshold): 600+%,Income and Poverty Status,,45.3,45.3%,45.3,,,41.6,41.6%,41.6,49.0,49.0%,49.0,1.9,1.9,1.9,,,,0,,
410893151,1001,28,2006-2008,0,National,,20,1291,1836,24,"Education: < High school (Of mother, 25 years and over)",Educational Attainment,,51.8,51.8%,51.8,,,47.0,47.0%,47.0,56.5,56.5%,56.5,2.4,2.4,2.4,,,,0,,
410893152,1001,28,2006-2008,0,National,,20,1292,1837,24,"Education: High school (Of mother, 25 years and over)",Educational Attainment,,54.2,54.2%,54.2,,,50.8,50.8%,50.8,57.5,57.5%,57.5,1.7,1.7,1.7,,,,0,,
410893153,1001,28,2006-2008,0,National,,20,1295,1840,24,"Education: Some college (Of mother, 25 years and over)",Educational Attainment,,50.9,50.9%,50.9,,,47.3,47.3%,47.3,54.6,54.6%,54.6,1.9,1.9,1.9,,,,0,,
410893154,1001,28,2006-2008,0,National,,20,1298,1844,24,"Education: Associates degree (Of mother, 25 years and over)",Educational Attainment,,53.0,53.0%,53.0,,,48.3,48.3%,48.3,57.6,57.6%,57.6,2.4,2.4,2.4,,,,0,,
410893155,1001,28,2006-2008,0,National,,20,1299,1845,24,"Education: 4-year college degree (Of mother, 25 years and over)",Educational Attainment,,45.0,45.0%,45.0,,,42.7,42.7%,42.7,47.4,47.4%,47.4,1.2,1.2,1.2,,,,0,,
410893156,1001,28,2006-2008,0,National,,20,1302,1848,24,"Education: Advanced degree (Of mother, 25 years and over)",Educational Attainment,,45.0,45.0%,45.0,,,42.1,42.1%,42.1,48.1,48.1%,48.1,1.5,1.5,1.5,,,,0,,
410893157,1001,28,2006-2008,0,National,,0,1340,1812,1,Born in US,Country of Birth,,51.1,51.1%,51.1,,,49.7,49.7%,49.7,52.4,52.4%,52.4,0.7,0.7,0.7,,,,0,,
410893158,1001,28,2006-2008,0,National,,0,1341,1813,1,Born outside of US,Country of Birth,DSU,,DSU,,,,,,,,,,,,,,,,0,,
410893159,1001,28,2006-2008,0,National,,0,1442,1862,1,Metropolitan,Geography,,49.9,49.9%,49.9,,,48.4,48.4%,48.4,51.4,51.4%,51.4,0.8,0.8,0.8,,,,0,,
410893160,1001,28,2006-2008,0,National,,0,1443,1863,1,Non-metropolitan,Geography,,56.3,56.3%,56.3,,,53.5,53.5%,53.5,59.0,59.0%,59.0,1.4,1.4,1.4,,,,0,,
410893161,1001,28,2006-2008,1,Alabama,0E01,0,1,1,1,Total,Total,,60.7,60.7%,60.7,,,53.3,53.3%,53.3,67.6,67.6%,67.6,3.7,3.7,3.7,,,,1,,
410893162,1001,28,2006-2008,2,Alaska,0E02,0,1,1,1,Total,Total,,61.9,61.9%,61.9,,,54.5,54.5%,54.5,68.8,68.8%,68.8,3.7,3.7,3.7,,,,2,,
410893163,1001,28,2006-2008,4,Arizona,0E04,0,1,1,1,Total,Total,,71.8,71.8%,71.8,,,65.2,65.2%,65.2,77.6,77.6%,77.6,3.2,3.2,3.2,,,,4,,
410893164,1001,28,2006-2008,5,Arkansas,0E05,0,1,1,1,Total,Total,,74.1,74.1%,74.1,,,67.3,67.3%,67.3,79.8,79.8%,79.8,3.2,3.2,3.2,,,,5,,
410893165,1001,28,2006-2008,6,California,0E06,0,1,1,1,Total,Total,,32.5,32.5%,32.5,,,27.3,27.3%,27.3,38.2,38.2%,38.2,2.8,2.8,2.8,,,,6,,
410893166,1001,28,2006-2008,8,Colorado,0E08,0,1,1,1,Total,Total,,41.4,41.4%,41.4,,,32.7,32.7%,32.7,50.6,50.6%,50.6,4.6,4.6,4.6,,,,8,,
410893167,1001,28,2006-2008,9,Connecticut,0E09,0,1,1,1,Total,Total,,53.2,53.2%,53.2,,,45.4,45.4%,45.4,60.8,60.8%,60.8,4.0,4.0,4.0,,,,9,,
410893168,1001,28,2006-2008,10,Delaware,0E0a,0,1,1,1,Total,Total,,61.9,61.9%,61.9,,,54.6,54.6%,54.6,68.6,68.6%,68.6,3.6,3.6,3.6,,,,10,,
410893169,1001,28,2006-2008,11,District of Columbia,0E0b,0,1,1,1,Total,Total,,58.7,58.7%,58.7,,,51.4,51.4%,51.4,65.7,65.7%,65.7,3.7,3.7,3.7,,,,11,,
410893170,1001,28,2006-2008,12,Florida,0E0c,0,1,1,1,Total,Total,,31.0,31.0%,31.0,,,24.7,24.7%,24.7,38.0,38.0%,38.0,3.4,3.4,3.4,,,,12,,
410893171,1001,28,2006-2008,13,Georgia,0E0d,0,1,1,1,Total,Total,,55.1,55.1%,55.1,,,47.3,47.3%,47.3,62.6,62.6%,62.6,3.9,3.9,3.9,,,,13,,
410893172,1001,28,2006-2008,15,Hawaii,0E0f,0,1,1,1,Total,Total,,70.8,70.8%,70.8,,,63.2,63.2%,63.2,77.5,77.5%,77.5,3.7,3.7,3.7,,,,15,,
410893173,1001,28,2006-2008,16,Idaho,0E0g,0,1,1,1,Total,Total,,57.1,57.1%,57.1,,,49.8,49.8%,49.8,64.1,64.1%,64.1,3.7,3.7,3.7,,,,16,,
410893174,1001,28,2006-2008,17,Illinois,0E0h,0,1,1,1,Total,Total,,49.0,49.0%,49.0,,,43.5,43.5%,43.5,54.6,54.6%,54.6,2.9,2.9,2.9,,,,17,,
410893175,1001,28,2006-2008,18,Indiana,0E0i,0,1,1,1,Total,Total,,66.3,66.3%,66.3,,,58.8,58.8%,58.8,73.0,73.0%,73.0,3.6,3.6,3.6,,,,18,,
410893176,1001,28,2006-2008,19,Iowa,0E0j,0,1,1,1,Total,Total,,26.9,26.9%,26.9,,,20.7,20.7%,20.7,34.2,34.2%,34.2,3.5,3.5,3.5,,,,19,,
410893177,1001,28,2006-2008,20,Kansas,0E0k,0,1,1,1,Total,Total,,68.7,68.7%,68.7,,,60.8,60.8%,60.8,75.6,75.6%,75.6,3.8,3.8,3.8,,,,20,,
410893178,1001,28,2006-2008,21,Kentucky,0E0l,0,1,1,1,Total,Total,,70.2,70.2%,70.2,,,62.6,62.6%,62.6,76.8,76.8%,76.8,3.6,3.6,3.6,,,,21,,
410893179,1001,28,2006-2008,22,Louisiana,0E0m,0,1,1,1,Total,Total,,60.2,60.2%,60.2,,,53.0,53.0%,53.0,67.1,67.1%,67.1,3.6,3.6,3.6,,,,22,,
410893180,1001,28,2006-2008,23,Maine,0E0n,0,1,1,1,Total,Total,,69.8,69.8%,69.8,,,62.8,62.8%,62.8,75.9,75.9%,75.9,3.4,3.4,3.4,,,,23,,
410893181,1001,28,2006-2008,24,Maryland,0E0o,0,1,1,1,Total,Total,,71.4,71.4%,71.4,,,65.1,65.1%,65.1,76.9,76.9%,76.9,3.0,3.0,3.0,,,,24,,
410893182,1001,28,2006-2008,25,Massachusetts,0E0p,0,1,1,1,Total,Total,,69.8,69.8%,69.8,,,61.3,61.3%,61.3,77.1,77.1%,77.1,4.0,4.0,4.0,,,,25,,
410893183,1001,28,2006-2008,26,Michigan,0E0q,0,1,1,1,Total,Total,,76.6,76.6%,76.6,,,69.5,69.5%,69.5,82.5,82.5%,82.5,3.3,3.3,3.3,,,,26,,
410893184,1001,28,2006-2008,27,Minnesota,0E0r,0,1,1,1,Total,Total,,19.0,19.0%,19.0,,,13.1,13.1%,13.1,26.9,26.9%,26.9,3.5,3.5,3.5,,,,27,,
410893185,1001,28,2006-2008,28,Mississippi,0E0s,0,1,1,1,Total,Total,,61.4,61.4%,61.4,,,53.3,53.3%,53.3,69.0,69.0%,69.0,4.0,4.0,4.0,,,,28,,
410893186,1001,28,2006-2008,29,Missouri,0E0t,0,1,1,1,Total,Total,,54.4,54.4%,54.4,,,46.9,46.9%,46.9,61.8,61.8%,61.8,3.8,3.8,3.8,,,,29,,
410893187,1001,28,2006-2008,30,Montana,0E0u,0,1,1,1,Total,Total,,65.8,65.8%,65.8,,,59.2,59.2%,59.2,72.0,72.0%,72.0,3.3,3.3,3.3,,,,30,,
410893188,1001,28,2006-2008,31,Nebraska,0E0v,0,1,1,1,Total,Total,,21.6,21.6%,21.6,,,15.8,15.8%,15.8,28.8,28.8%,28.8,3.3,3.3,3.3,,,,31,,
410893189,1001,28,2006-2008,32,Nevada,0E0w,0,1,1,1,Total,Total,,61.4,61.4%,61.4,,,54.0,54.0%,54.0,68.3,68.3%,68.3,3.7,3.7,3.7,,,,32,,
410893190,1001,28,2006-2008,33,New Hampshire,0E0x,0,1,1,1,Total,Total,,66.4,66.4%,66.4,,,58.6,58.6%,58.6,73.4,73.4%,73.4,3.8,3.8,3.8,,,,33,,
410893191,1001,28,2006-2008,34,New Jersey,0E0y,0,1,1,1,Total,Total,,35.2,35.2%,35.2,,,28.4,28.4%,28.4,42.6,42.6%,42.6,3.7,3.7,3.7,,,,34,,
410893192,1001,28,2006-2008,35,New Mexico,0E0z,0,1,1,1,Total,Total,,40.2,40.2%,40.2,,,32.7,32.7%,32.7,48.2,48.2%,48.2,4.0,4.0,4.0,,,,35,,
410893193,1001,28,2006-2008,36,New York,0E0A,0,1,1,1,Total,Total,,32.6,32.6%,32.6,,,27.7,27.7%,27.7,37.9,37.9%,37.9,2.6,2.6,2.6,,,,36,,
410893194,1001,28,2006-2008,37,North Carolina,0E0B,0,1,1,1,Total,Total,,74.8,74.8%,74.8,,,68.2,68.2%,68.2,80.5,80.5%,80.5,3.1,3.1,3.1,,,,37,,
410893195,1001,28,2006-2008,38,North Dakota,0E0C,0,1,1,1,Total,Total,,71.6,71.6%,71.6,,,65.3,65.3%,65.3,77.2,77.2%,77.2,3.1,3.1,3.1,,,,38,,
410893196,1001,28,2006-2008,39,Ohio,0E0D,0,1,1,1,Total,Total,,60.5,60.5%,60.5,,,53.7,53.7%,53.7,66.8,66.8%,66.8,3.4,3.4,3.4,,,,39,,
410893197,1001,28,2006-2008,40,Oklahoma,0E0E,0,1,1,1,Total,Total,,53.4,53.4%,53.4,,,45.7,45.7%,45.7,60.9,60.9%,60.9,3.9,3.9,3.9,,,,40,,
410893198,1001,28,2006-2008,41,Oregon,0E0F,0,1,1,1,Total,Total,,39.8,39.8%,39.8,,,32.1,32.1%,32.1,48.0,48.0%,48.0,4.1,4.1,4.1,,,,41,,
410893199,1001,28,2006-2008,42,Pennsylvania,0E0G,0,1,1,1,Total,Total,,63.9,63.9%,63.9,,,58.5,58.5%,58.5,69.0,69.0%,69.0,2.7,2.7,2.7,,,,42,,
410893200,1001,28,2006-2008,44,Rhode Island,0E0I,0,1,1,1,Total,Total,,66.9,66.9%,66.9,,,59.2,59.2%,59.2,73.8,73.8%,73.8,3.7,3.7,3.7,,,,44,,
410893201,1001,28,2006-2008,45,South Carolina,0E0J,0,1,1,1,Total,Total,,61.2,61.2%,61.2,,,54.9,54.9%,54.9,67.0,67.0%,67.0,3.1,3.1,3.1,,,,45,,
410893202,1001,28,2006-2008,46,South Dakota,0E0K,0,1,1,1,Total,Total,,25.8,25.8%,25.8,,,20.0,20.0%,20.0,32.8,32.8%,32.8,3.3,3.3,3.3,,,,46,,
410893203,1001,28,2006-2008,47,Tennessee,0E0L,0,1,1,1,Total,Total,,40.1,40.1%,40.1,,,32.8,32.8%,32.8,47.9,47.9%,47.9,3.9,3.9,3.9,,,,47,,
410893204,1001,28,2006-2008,48,Texas,0E0M,0,1,1,1,Total,Total,,59.5,59.5%,59.5,,,53.8,53.8%,53.8,65.0,65.0%,65.0,2.9,2.9,2.9,,,,48,,
410893205,1001,28,2006-2008,49,Utah,0E0N,0,1,1,1,Total,Total,,73.3,73.3%,73.3,,,66.0,66.0%,66.0,79.6,79.6%,79.6,3.5,3.5,3.5,,,,49,,
410893206,1001,28,2006-2008,50,Vermont,0E0O,0,1,1,1,Total,Total,,22.7,22.7%,22.7,,,16.1,16.1%,16.1,30.9,30.9%,30.9,3.8,3.8,3.8,,,,50,,
410893207,1001,28,2006-2008,51,Virginia,0E0P,0,1,1,1,Total,Total,,31.0,31.0%,31.0,,,23.9,23.9%,23.9,39.0,39.0%,39.0,3.9,3.9,3.9,,,,51,,
410893208,1001,28,2006-2008,53,Washington,0E0R,0,1,1,1,Total,Total,,69.2,69.2%,69.2,,,63.4,63.4%,63.4,74.5,74.5%,74.5,2.8,2.8,2.8,,,,53,,
410893209,1001,28,2006-2008,54,West Virginia,0E0S,0,1,1,1,Total,Total,,54.2,54.2%,54.2,,,46.9,46.9%,46.9,61.2,61.2%,61.2,3.7,3.7,3.7,,,,54,,
410893210,1001,28,2006-2008,55,Wisconsin,0E0T,0,1,1,1,Total,Total,,52.8,52.8%,52.8,,,44.7,44.7%,44.7,60.7,60.7%,60.7,4.1,4.1,4.1,,,,55,,
410893211,1001,28,2006-2008,56,Wyoming,0E0U,0,1,1,1,Total,Total,,62.7,62.7%,62.7,,,55.3,55.3%,55.3,69.5,69.5%,69.5,3.7,3.7,3.7,,,,56,,
410893212,1001,33,2008-2010,0,National,,0,1,1,1,Total,Total,,61.5,61.5%,61.5,,,60.2,60.2%,60.2,62.8,62.8%,62.8,0.7,0.7,0.7,,,,0,,
410893213,1001,33,2008-2010,0,National,,0,1205,1609,1,Male,Sex,,61.4,61.4%,61.4,,,59.5,59.5%,59.5,63.2,63.2%,63.2,0.9,0.9,0.9,,,,0,,
410893214,1001,33,2008-2010,0,National,,0,1216,1610,1,Female,Sex,,61.7,61.7%,61.7,,,59.8,59.8%,59.8,63.6,63.6%,63.6,1.0,1.0,1.0,,,,0,,
410893215,1001,33,2008-2010,0,National,,0,1227,1718,1,White only,Race/Ethnicity,,61.4,61.4%,61.4,,,59.9,59.9%,59.9,62.9,62.9%,62.9,0.8,0.8,0.8,,,,0,,
410893216,1001,33,2008-2010,0,National,,0,1230,1721,1,Black or African American only,Race/Ethnicity,,63.3,63.3%,63.3,,,59.9,59.9%,59.9,66.5,66.5%,66.5,1.7,1.7,1.7,,,,0,,
410893217,1001,33,2008-2010,0,National,,0,1232,1723,1,American Indian or Alaska Native only,Race/Ethnicity,DSU,,DSU,,,,,,,,,,,,,,,,0,,
410893218,1001,33,2008-2010,0,National,,0,1234,1725,1,Asian only,Race/Ethnicity,,57.4,57.4%,57.4,,,48.4,48.4%,48.4,65.8,65.8%,65.8,4.5,4.5,4.5,,,,0,,
410893219,1001,33,2008-2010,0,National,,0,1238,1729,1,Native Hawaiian or Other Pacific Islander only,Race/Ethnicity,DSU,,DSU,,,,,,,,,,,,,,,,0,,
410893220,1001,33,2008-2010,0,National,,0,1240,1731,1,2 or more races,Race/Ethnicity,,59.9,59.9%,59.9,,,54.1,54.1%,54.1,65.4,65.4%,65.4,2.9,2.9,2.9,,,,0,,
410893221,1001,33,2008-2010,0,National,,0,1245,1735,1,Hispanic or Latino,Race/Ethnicity,,64.0,64.0%,64.0,,,60.8,60.8%,60.8,67.1,67.1%,67.1,1.6,1.6,1.6,,,,0,,
410893222,1001,33,2008-2010,0,National,,0,1246,1742,1,"White only, non-Hispanic",Race/Ethnicity,,60.2,60.2%,60.2,,,58.6,58.6%,58.6,61.7,61.7%,61.7,0.8,0.8,0.8,,,,0,,
410893223,1001,33,2008-2010,0,National,,0,1248,1744,1,"Black or African American only, non-Hispanic",Race/Ethnicity,,62.7,62.7%,62.7,,,59.1,59.1%,59.1,66.1,66.1%,66.1,1.8,1.8,1.8,,,,0,,
410893224,1001,33,2008-2010,0,National,,0,1257,1741,1,Not Hispanic or Latino,Race/Ethnicity,,60.5,60.5%,60.5,,,59.1,59.1%,59.1,61.9,61.9%,61.9,0.7,0.7,0.7,,,,0,,
410893225,1001,33,2008-2010,0,National,,0,1263,1886,1,Family income (% Poverty Threshold): <100%,Income and Poverty Status,,64.7,64.7%,64.7,,,61.9,61.9%,61.9,67.3,67.3%,67.3,1.4,1.4,1.4,,,,0,,
410893226,1001,33,2008-2010,0,National,,0,1266,1889,1,Family income (% Poverty Threshold): 100-199%,Income and Poverty Status,,61.7,61.7%,61.7,,,58.6,58.6%,58.6,64.7,64.7%,64.7,1.6,1.6,1.6,,,,0,,
410893227,1001,33,2008-2010,0,National,,0,1271,1896,1,Family income (% Poverty Threshold): 200-399%,Income and Poverty Status,,60.4,60.4%,60.4,,,58.0,58.0%,58.0,62.8,62.8%,62.8,1.2,1.2,1.2,,,,0,,
410893228,1001,33,2008-2010,0,National,,0,1276,1901,1,Family income (% Poverty Threshold): 400-599%,Income and Poverty Status,,58.7,58.7%,58.7,,,55.8,55.8%,55.8,61.6,61.6%,61.6,1.5,1.5,1.5,,,,0,,
410893229,1001,33,2008-2010,0,National,,0,1278,1903,1,Family income (% Poverty Threshold): 600+%,Income and Poverty Status,,56.7,56.7%,56.7,,,53.1,53.1%,53.1,60.3,60.3%,60.3,1.8,1.8,1.8,,,,0,,
410893230,1001,33,2008-2010,0,National,,20,1291,1836,24,"Education: < High school (Of mother, 25 years and over)",Educational Attainment,,61.6,61.6%,61.6,,,56.5,56.5%,56.5,66.4,66.4%,66.4,2.5,2.5,2.5,,,,0,,
410893231,1001,33,2008-2010,0,National,,20,1292,1837,24,"Education: High school (Of mother, 25 years and over)",Educational Attainment,,63.7,63.7%,63.7,,,60.4,60.4%,60.4,66.8,66.8%,66.8,1.6,1.6,1.6,,,,0,,
410893232,1001,33,2008-2010,0,National,,20,1295,1840,24,"Education: Some college (Of mother, 25 years and over)",Educational Attainment,,60.7,60.7%,60.7,,,57.2,57.2%,57.2,64.2,64.2%,64.2,1.8,1.8,1.8,,,,0,,
410893233,1001,33,2008-2010,0,National,,20,1298,1844,24,"Education: Associates degree (Of mother, 25 years and over)",Educational Attainment,,61.9,61.9%,61.9,,,57.3,57.3%,57.3,66.3,66.3%,66.3,2.3,2.3,2.3,,,,0,,
410893234,1001,33,2008-2010,0,National,,20,1299,1845,24,"Education: 4-year college degree (Of mother, 25 years and over)",Educational Attainment,,58.4,58.4%,58.4,,,55.8,55.8%,55.8,61.0,61.0%,61.0,1.3,1.3,1.3,,,,0,,
410893235,1001,33,2008-2010,0,National,,20,1302,1848,24,"Education: Advanced degree (Of mother, 25 years and over)",Educational Attainment,,57.3,57.3%,57.3,,,54.4,54.4%,54.4,60.1,60.1%,60.1,1.4,1.4,1.4,,,,0,,
410893236,1001,33,2008-2010,0,National,,0,1303,1874,1,Private health insurance,Health Insurance Status,,58.9,58.9%,58.9,,,57.2,57.2%,57.2,60.6,60.6%,60.6,0.9,0.9,0.9,,,,0,,
410893237,1001,33,2008-2010,0,National,,0,1304,1875,1,Public health insurance,Health Insurance Status,,64.7,64.7%,64.7,,,62.3,62.3%,62.3,67.1,67.1%,67.1,1.2,1.2,1.2,,,,0,,
410893238,1001,33,2008-2010,0,National,,0,1305,1873,1,Any health insurance,Health Insurance Status,,61.4,61.4%,61.4,,,60.0,60.0%,60.0,62.8,62.8%,62.8,0.7,0.7,0.7,,,,0,,
410893239,1001,33,2008-2010,0,National,,0,1306,1877,1,No health insurance,Health Insurance Status,,59.6,59.6%,59.6,,,52.3,52.3%,52.3,66.6,66.6%,66.6,3.7,3.7,3.7,,,,0,,
410893240,1001,33,2008-2010,0,National,,0,1340,1812,1,Born in US,Country of Birth,,61.8,61.8%,61.8,,,60.5,60.5%,60.5,63.1,63.1%,63.1,0.7,0.7,0.7,,,,0,,
410893241,1001,33,2008-2010,0,National,,0,1341,1813,1,Born outside of US,Country of Birth,DSU,,DSU,,,,,,,,,,,,,,,,0,,
410893242,1001,33,2008-2010,0,National,,0,1442,1862,1,Metropolitan,Geography,,60.5,60.5%,60.5,,,58.9,58.9%,58.9,61.9,61.9%,61.9,0.8,0.8,0.8,,,,0,,
410893243,1001,33,2008-2010,0,National,,0,1443,1863,1,Non-metropolitan,Geography,,67.0,67.0%,67.0,,,64.4,64.4%,64.4,69.4,69.4%,69.4,1.3,1.3,1.3,,,,0,,
410893244,1001,33,2008-2010,1,Alabama,0E01,0,1,1,1,Total,Total,,67.3,67.3%,67.3,,,60.5,60.5%,60.5,73.3,73.3%,73.3,3.3,3.3,3.3,,,,1,,
410893245,1001,33,2008-2010,2,Alaska,0E02,0,1,1,1,Total,Total,,66.2,66.2%,66.2,,,59.1,59.1%,59.1,72.7,72.7%,72.7,3.5,3.5,3.5,,,,2,,
410893246,1001,33,2008-2010,4,Arizona,0E04,0,1,1,1,Total,Total,,78.7,78.7%,78.7,,,73.1,73.1%,73.1,83.4,83.4%,83.4,2.6,2.6,2.6,,,,4,,
410893247,1001,33,2008-2010,5,Arkansas,0E05,0,1,1,1,Total,Total,,79.8,79.8%,79.8,,,73.4,73.4%,73.4,84.9,84.9%,84.9,2.9,2.9,2.9,,,,5,,
410893248,1001,33,2008-2010,6,California,0E06,0,1,1,1,Total,Total,,48.8,48.8%,48.8,,,42.5,42.5%,42.5,55.1,55.1%,55.1,3.2,3.2,3.2,,,,6,,
410893249,1001,33,2008-2010,8,Colorado,0E08,0,1,1,1,Total,Total,,58.4,58.4%,58.4,,,50.8,50.8%,50.8,65.6,65.6%,65.6,3.8,3.8,3.8,,,,8,,
410893250,1001,33,2008-2010,9,Connecticut,0E09,0,1,1,1,Total,Total,,54.5,54.5%,54.5,,,45.6,45.6%,45.6,63.0,63.0%,63.0,4.5,4.5,4.5,,,,9,,
410893251,1001,33,2008-2010,10,Delaware,0E0a,0,1,1,1,Total,Total,,65.3,65.3%,65.3,,,58.4,58.4%,58.4,71.7,71.7%,71.7,3.4,3.4,3.4,,,,10,,
410893252,1001,33,2008-2010,11,District of Columbia,0E0b,0,1,1,1,Total,Total,,72.0,72.0%,72.0,,,65.1,65.1%,65.1,78.0,78.0%,78.0,3.3,3.3,3.3,,,,11,,
410893253,1001,33,2008-2010,12,Florida,0E0c,0,1,1,1,Total,Total,,51.2,51.2%,51.2,,,44.0,44.0%,44.0,58.3,58.3%,58.3,3.7,3.7,3.7,,,,12,,
410893254,1001,33,2008-2010,13,Georgia,0E0d,0,1,1,1,Total,Total,,70.5,70.5%,70.5,,,63.6,63.6%,63.6,76.6,76.6%,76.6,3.3,3.3,3.3,,,,13,,
410893255,1001,33,2008-2010,15,Hawaii,0E0f,0,1,1,1,Total,Total,,64.4,64.4%,64.4,,,57.0,57.0%,57.0,71.1,71.1%,71.1,3.6,3.6,3.6,,,,15,,
410893256,1001,33,2008-2010,16,Idaho,0E0g,0,1,1,1,Total,Total,,71.1,71.1%,71.1,,,64.0,64.0%,64.0,77.2,77.2%,77.2,3.4,3.4,3.4,,,,16,,
410893257,1001,33,2008-2010,17,Illinois,0E0h,0,1,1,1,Total,Total,,60.3,60.3%,60.3,,,54.6,54.6%,54.6,65.8,65.8%,65.8,2.9,2.9,2.9,,,,17,,
410893258,1001,33,2008-2010,18,Indiana,0E0i,0,1,1,1,Total,Total,,74.1,74.1%,74.1,,,68.3,68.3%,68.3,79.1,79.1%,79.1,2.8,2.8,2.8,,,,18,,
410893259,1001,33,2008-2010,19,Iowa,0E0j,0,1,1,1,Total,Total,,47.1,47.1%,47.1,,,40.3,40.3%,40.3,54.0,54.0%,54.0,3.5,3.5,3.5,,,,19,,
410893260,1001,33,2008-2010,20,Kansas,0E0k,0,1,1,1,Total,Total,,77.7,77.7%,77.7,,,71.1,71.1%,71.1,83.2,83.2%,83.2,3.1,3.1,3.1,,,,20,,
410893261,1001,33,2008-2010,21,Kentucky,0E0l,0,1,1,1,Total,Total,,78.6,78.6%,78.6,,,73.1,73.1%,73.1,83.3,83.3%,83.3,2.6,2.6,2.6,,,,21,,
410893262,1001,33,2008-2010,22,Louisiana,0E0m,0,1,1,1,Total,Total,,62.0,62.0%,62.0,,,54.8,54.8%,54.8,68.6,68.6%,68.6,3.6,3.6,3.6,,,,22,,
410893263,1001,33,2008-2010,23,Maine,0E0n,0,1,1,1,Total,Total,,66.7,66.7%,66.7,,,60.3,60.3%,60.3,72.5,72.5%,72.5,3.1,3.1,3.1,,,,23,,
410893264,1001,33,2008-2010,24,Maryland,0E0o,0,1,1,1,Total,Total,,70.5,70.5%,70.5,,,63.2,63.2%,63.2,76.8,76.8%,76.8,3.5,3.5,3.5,,,,24,,
410893265,1001,33,2008-2010,25,Massachusetts,0E0p,0,1,1,1,Total,Total,,63.5,63.5%,63.5,,,56.4,56.4%,56.4,70.1,70.1%,70.1,3.5,3.5,3.5,,,,25,,
410893266,1001,33,2008-2010,26,Michigan,0E0q,0,1,1,1,Total,Total,,81.3,81.3%,81.3,,,74.8,74.8%,74.8,86.4,86.4%,86.4,3.0,3.0,3.0,,,,26,,
410893267,1001,33,2008-2010,27,Minnesota,0E0r,0,1,1,1,Total,Total,,35.0,35.0%,35.0,,,28.1,28.1%,28.1,42.5,42.5%,42.5,3.7,3.7,3.7,,,,27,,
410893268,1001,33,2008-2010,28,Mississippi,0E0s,0,1,1,1,Total,Total,,68.5,68.5%,68.5,,,62.1,62.1%,62.1,74.2,74.2%,74.2,3.1,3.1,3.1,,,,28,,
410893269,1001,33,2008-2010,29,Missouri,0E0t,0,1,1,1,Total,Total,,61.7,61.7%,61.7,,,54.9,54.9%,54.9,68.0,68.0%,68.0,3.3,3.3,3.3,,,,29,,
410893270,1001,33,2008-2010,30,Montana,0E0u,0,1,1,1,Total,Total,,63.8,63.8%,63.8,,,56.8,56.8%,56.8,70.3,70.3%,70.3,3.4,3.4,3.4,,,,30,,
410893271,1001,33,2008-2010,31,Nebraska,0E0v,0,1,1,1,Total,Total,,51.8,51.8%,51.8,,,44.4,44.4%,44.4,59.0,59.0%,59.0,3.8,3.8,3.8,,,,31,,
410893272,1001,33,2008-2010,32,Nevada,0E0w,0,1,1,1,Total,Total,,75.3,75.3%,75.3,,,68.9,68.9%,68.9,80.8,80.8%,80.8,3.0,3.0,3.0,,,,32,,
410893273,1001,33,2008-2010,33,New Hampshire,0E0x,0,1,1,1,Total,Total,,65.9,65.9%,65.9,,,58.9,58.9%,58.9,72.4,72.4%,72.4,3.5,3.5,3.5,,,,33,,
410893274,1001,33,2008-2010,34,New Jersey,0E0y,0,1,1,1,Total,Total,,32.9,32.9%,32.9,,,27.2,27.2%,27.2,39.0,39.0%,39.0,3.0,3.0,3.0,,,,34,,
410893275,1001,33,2008-2010,35,New Mexico,0E0z,0,1,1,1,Total,Total,,52.1,52.1%,52.1,,,45.5,45.5%,45.5,58.7,58.7%,58.7,3.4,3.4,3.4,,,,35,,
410893276,1001,33,2008-2010,36,New York,0E0A,0,1,1,1,Total,Total,,51.8,51.8%,51.8,,,46.5,46.5%,46.5,57.0,57.0%,57.0,2.7,2.7,2.7,,,,36,,
410893277,1001,33,2008-2010,37,North Carolina,0E0B,0,1,1,1,Total,Total,,73.3,73.3%,73.3,,,66.2,66.2%,66.2,79.4,79.4%,79.4,3.4,3.4,3.4,,,,37,,
410893278,1001,33,2008-2010,38,North Dakota,0E0C,0,1,1,1,Total,Total,,79.7,79.7%,79.7,,,73.2,73.2%,73.2,84.9,84.9%,84.9,3.0,3.0,3.0,,,,38,,
410893279,1001,33,2008-2010,39,Ohio,0E0D,0,1,1,1,Total,Total,,66.9,66.9%,66.9,,,59.0,59.0%,59.0,73.9,73.9%,73.9,3.8,3.8,3.8,,,,39,,
410893280,1001,33,2008-2010,40,Oklahoma,0E0E,0,1,1,1,Total,Total,,65.7,65.7%,65.7,,,59.2,59.2%,59.2,71.6,71.6%,71.6,3.2,3.2,3.2,,,,40,,
410893281,1001,33,2008-2010,41,Oregon,0E0F,0,1,1,1,Total,Total,,60.6,60.6%,60.6,,,54.0,54.0%,54.0,66.8,66.8%,66.8,3.3,3.3,3.3,,,,41,,
410893282,1001,33,2008-2010,42,Pennsylvania,0E0G,0,1,1,1,Total,Total,,67.8,67.8%,67.8,,,62.0,62.0%,62.0,73.2,73.2%,73.2,2.9,2.9,2.9,,,,42,,
410893283,1001,33,2008-2010,44,Rhode Island,0E0I,0,1,1,1,Total,Total,,66.7,66.7%,66.7,,,58.5,58.5%,58.5,73.9,73.9%,73.9,4.0,4.0,4.0,,,,44,,
410893284,1001,33,2008-2010,45,South Carolina,0E0J,0,1,1,1,Total,Total,,60.4,60.4%,60.4,,,53.6,53.6%,53.6,66.8,66.8%,66.8,3.4,3.4,3.4,,,,45,,
410893285,1001,33,2008-2010,46,South Dakota,0E0K,0,1,1,1,Total,Total,,54.8,54.8%,54.8,,,47.7,47.7%,47.7,61.7,61.7%,61.7,3.6,3.6,3.6,,,,46,,
410893286,1001,33,2008-2010,47,Tennessee,0E0L,0,1,1,1,Total,Total,,50.0,50.0%,50.0,,,43.6,43.6%,43.6,56.5,56.5%,56.5,3.3,3.3,3.3,,,,47,,
410893287,1001,33,2008-2010,48,Texas,0E0M,0,1,1,1,Total,Total,,68.3,68.3%,68.3,,,63.7,63.7%,63.7,72.6,72.6%,72.6,2.3,2.3,2.3,,,,48,,
410893288,1001,33,2008-2010,49,Utah,0E0N,0,1,1,1,Total,Total,,77.0,77.0%,77.0,,,70.5,70.5%,70.5,82.5,82.5%,82.5,3.0,3.0,3.0,,,,49,,
410893289,1001,33,2008-2010,50,Vermont,0E0O,0,1,1,1,Total,Total,,21.3,21.3%,21.3,,,16.4,16.4%,16.4,27.3,27.3%,27.3,2.8,2.8,2.8,,,,50,,
410893290,1001,33,2008-2010,51,Virginia,0E0P,0,1,1,1,Total,Total,,59.8,59.8%,59.8,,,52.1,52.1%,52.1,67.0,67.0%,67.0,3.8,3.8,3.8,,,,51,,
410893291,1001,33,2008-2010,53,Washington,0E0R,0,1,1,1,Total,Total,,76.5,76.5%,76.5,,,71.3,71.3%,71.3,81.0,81.0%,81.0,2.5,2.5,2.5,,,,53,,
410893292,1001,33,2008-2010,54,West Virginia,0E0S,0,1,1,1,Total,Total,,56.9,56.9%,56.9,,,49.5,49.5%,49.5,64.1,64.1%,64.1,3.7,3.7,3.7,,,,54,,
410893293,1001,33,2008-2010,55,Wisconsin,0E0T,0,1,1,1,Total,Total,,61.5,61.5%,61.5,,,54.7,54.7%,54.7,67.8,67.8%,67.8,3.4,3.4,3.4,,,,55,,
410893294,1001,33,2008-2010,56,Wyoming,0E0U,0,1,1,1,Total,Total,,64.5,64.5%,64.5,,,57.7,57.7%,57.7,70.9,70.9%,70.9,3.4,3.4,3.4,,,,56,,
410893295,1001,39,2009-2011,0,National,,0,1,1,1,Total,Total,,65.0,65.0%,65.0,,,63.7,63.7%,63.7,66.3,66.3%,66.3,0.7,0.7,0.7,,,,0,,
410893296,1001,39,2009-2011,0,National,,0,1205,1609,1,Male,Sex,,65.0,65.0%,65.0,,,63.2,63.2%,63.2,66.8,66.8%,66.8,0.9,0.9,0.9,,,,0,,
410893297,1001,39,2009-2011,0,National,,0,1216,1610,1,Female,Sex,,65.0,65.0%,65.0,,,63.1,63.1%,63.1,66.9,66.9%,66.9,1.0,1.0,1.0,,,,0,,
410893298,1001,39,2009-2011,0,National,,0,1227,1718,1,White only,Race/Ethnicity,,64.7,64.7%,64.7,,,63.2,63.2%,63.2,66.2,66.2%,66.2,0.8,0.8,0.8,,,,0,,
410893299,1001,39,2009-2011,0,National,,0,1230,1721,1,Black or African American only,Race/Ethnicity,,65.1,65.1%,65.1,,,61.5,61.5%,61.5,68.5,68.5%,68.5,1.8,1.8,1.8,,,,0,,
410893300,1001,39,2009-2011,0,National,,0,1232,1723,1,American Indian or Alaska Native only,Race/Ethnicity,,76.7,76.7%,76.7,,,69.1,69.1%,69.1,83.0,83.0%,83.0,3.6,3.6,3.6,,,,0,,
410893301,1001,39,2009-2011,0,National,,0,1234,1725,1,Asian only,Race/Ethnicity,,63.0,63.0%,63.0,,,56.1,56.1%,56.1,69.4,69.4%,69.4,3.4,3.4,3.4,,,,0,,
410893302,1001,39,2009-2011,0,National,,0,1238,1729,1,Native Hawaiian or Other Pacific Islander only,Race/Ethnicity,,82.5,82.5%,82.5,,,72.3,72.3%,72.3,89.5,89.5%,89.5,4.3,4.3,4.3,,,,0,,
410893303,1001,39,2009-2011,0,National,,0,1240,1731,1,2 or more races,Race/Ethnicity,,64.8,64.8%,64.8,,,58.9,58.9%,58.9,70.3,70.3%,70.3,2.9,2.9,2.9,,,,0,,
410893304,1001,39,2009-2011,0,National,,0,1245,1735,1,Hispanic or Latino,Race/Ethnicity,,67.3,67.3%,67.3,,,64.2,64.2%,64.2,70.2,70.2%,70.2,1.5,1.5,1.5,,,,0,,
410893305,1001,39,2009-2011,0,National,,0,1246,1742,1,"White only, non-Hispanic",Race/Ethnicity,,63.4,63.4%,63.4,,,61.8,61.8%,61.8,65.0,65.0%,65.0,0.8,0.8,0.8,,,,0,,
410893306,1001,39,2009-2011,0,National,,0,1248,1744,1,"Black or African American only, non-Hispanic",Race/Ethnicity,,65.9,65.9%,65.9,,,62.3,62.3%,62.3,69.4,69.4%,69.4,1.8,1.8,1.8,,,,0,,
410893307,1001,39,2009-2011,0,National,,0,1257,1741,1,Not Hispanic or Latino,Race/Ethnicity,,64.2,64.2%,64.2,,,62.8,62.8%,62.8,65.6,65.6%,65.6,0.7,0.7,0.7,,,,0,,
410893308,1001,39,2009-2011,0,National,,0,1263,1886,1,Family income (% Poverty Threshold): <100%,Income and Poverty Status,,67.6,67.6%,67.6,,,65.1,65.1%,65.1,70.0,70.0%,70.0,1.2,1.2,1.2,,,,0,,
410893309,1001,39,2009-2011,0,National,,0,1266,1889,1,Family income (% Poverty Threshold): 100-199%,Income and Poverty Status,,68.5,68.5%,68.5,,,65.4,65.4%,65.4,71.4,71.4%,71.4,1.5,1.5,1.5,,,,0,,
410893310,1001,39,2009-2011,0,National,,0,1271,1896,1,Family income (% Poverty Threshold): 200-399%,Income and Poverty Status,,64.2,64.2%,64.2,,,61.7,61.7%,61.7,66.6,66.6%,66.6,1.3,1.3,1.3,,,,0,,
410893311,1001,39,2009-2011,0,National,,0,1276,1901,1,Family income (% Poverty Threshold): 400-599%,Income and Poverty Status,,61.6,61.6%,61.6,,,58.3,58.3%,58.3,64.8,64.8%,64.8,1.7,1.7,1.7,,,,0,,
410893312,1001,39,2009-2011,0,National,,0,1278,1903,1,Family income (% Poverty Threshold): 600+%,Income and Poverty Status,,54.8,54.8%,54.8,,,50.8,50.8%,50.8,58.8,58.8%,58.8,2.1,2.1,2.1,,,,0,,
410893313,1001,39,2009-2011,0,National,,20,1291,1836,24,"Education: < High school (Of mother, 25 years and over)",Educational Attainment,,68.8,68.8%,68.8,,,64.2,64.2%,64.2,73.0,73.0%,73.0,2.3,2.3,2.3,,,,0,,
410893314,1001,39,2009-2011,0,National,,20,1292,1837,24,"Education: High school (Of mother, 25 years and over)",Educational Attainment,,66.2,66.2%,66.2,,,62.8,62.8%,62.8,69.4,69.4%,69.4,1.7,1.7,1.7,,,,0,,
410893315,1001,39,2009-2011,0,National,,20,1295,1840,24,"Education: Some college (Of mother, 25 years and over)",Educational Attainment,,63.4,63.4%,63.4,,,59.6,59.6%,59.6,67.1,67.1%,67.1,1.9,1.9,1.9,,,,0,,
410893316,1001,39,2009-2011,0,National,,20,1298,1844,24,"Education: Associates degree (Of mother, 25 years and over)",Educational Attainment,,64.2,64.2%,64.2,,,59.8,59.8%,59.8,68.4,68.4%,68.4,2.2,2.2,2.2,,,,0,,
410893317,1001,39,2009-2011,0,National,,20,1299,1845,24,"Education: 4-year college degree (Of mother, 25 years and over)",Educational Attainment,,61.5,61.5%,61.5,,,59.0,59.0%,59.0,64.0,64.0%,64.0,1.3,1.3,1.3,,,,0,,
410893318,1001,39,2009-2011,0,National,,20,1302,1848,24,"Education: Advanced degree (Of mother, 25 years and over)",Educational Attainment,,58.1,58.1%,58.1,,,55.2,55.2%,55.2,60.9,60.9%,60.9,1.5,1.5,1.5,,,,0,,
410893319,1001,39,2009-2011,0,National,,0,1303,1874,1,Private health insurance,Health Insurance Status,,62.7,62.7%,62.7,,,61.0,61.0%,61.0,64.4,64.4%,64.4,0.9,0.9,0.9,,,,0,,
410893320,1001,39,2009-2011,0,National,,0,1304,1875,1,Public health insurance,Health Insurance Status,,68.3,68.3%,68.3,,,66.1,66.1%,66.1,70.4,70.4%,70.4,1.1,1.1,1.1,,,,0,,
410893321,1001,39,2009-2011,0,National,,0,1305,1873,1,Any health insurance,Health Insurance Status,,65.1,65.1%,65.1,,,63.8,63.8%,63.8,66.4,66.4%,66.4,0.7,0.7,0.7,,,,0,,
410893322,1001,39,2009-2011,0,National,,0,1306,1877,1,No health insurance,Health Insurance Status,,63.8,63.8%,63.8,,,57.2,57.2%,57.2,70.0,70.0%,70.0,3.3,3.3,3.3,,,,0,,
410893323,1001,39,2009-2011,0,National,,0,1340,1812,1,Born in US,Country of Birth,,65.6,65.6%,65.6,,,64.3,64.3%,64.3,66.9,66.9%,66.9,0.7,0.7,0.7,,,,0,,
410893324,1001,39,2009-2011,0,National,,0,1341,1813,1,Born outside of US,Country of Birth,,18.0,18.0%,18.0,,,10.7,10.7%,10.7,28.6,28.6%,28.6,4.5,4.5,4.5,,,,0,,
410893325,1001,39,2009-2011,0,National,,0,1442,1862,1,Metropolitan,Geography,,64.1,64.1%,64.1,,,62.6,62.6%,62.6,65.6,65.6%,65.6,0.8,0.8,0.8,,,,0,,
410893326,1001,39,2009-2011,0,National,,0,1443,1863,1,Non-metropolitan,Geography,,68.8,68.8%,68.8,,,65.9,65.9%,65.9,71.6,71.6%,71.6,1.5,1.5,1.5,,,,0,,
410893327,1001,39,2009-2011,1,Alabama,0E01,0,1,1,1,Total,Total,,70.3,70.3%,70.3,,,64.4,64.4%,64.4,75.5,75.5%,75.5,2.8,2.8,2.8,,,,1,,
410893328,1001,39,2009-2011,2,Alaska,0E02,0,1,1,1,Total,Total,,69.2,69.2%,69.2,,,62.5,62.5%,62.5,75.2,75.2%,75.2,3.3,3.3,3.3,,,,2,,
410893329,1001,39,2009-2011,4,Arizona,0E04,0,1,1,1,Total,Total,,79.2,79.2%,79.2,,,72.5,72.5%,72.5,84.7,84.7%,84.7,3.1,3.1,3.1,,,,4,,
410893330,1001,39,2009-2011,5,Arkansas,0E05,0,1,1,1,Total,Total,,77.4,77.4%,77.4,,,70.0,70.0%,70.0,83.4,83.4%,83.4,3.4,3.4,3.4,,,,5,,
410893331,1001,39,2009-2011,6,California,0E06,0,1,1,1,Total,Total,,55.7,55.7%,55.7,,,49.2,49.2%,49.2,62.0,62.0%,62.0,3.3,3.3,3.3,,,,6,,
410893332,1001,39,2009-2011,8,Colorado,0E08,0,1,1,1,Total,Total,,55.9,55.9%,55.9,,,48.6,48.6%,48.6,62.9,62.9%,62.9,3.7,3.7,3.7,,,,8,,
410893333,1001,39,2009-2011,9,Connecticut,0E09,0,1,1,1,Total,Total,,62.0,62.0%,62.0,,,55.0,55.0%,55.0,68.6,68.6%,68.6,3.5,3.5,3.5,,,,9,,
410893334,1001,39,2009-2011,10,Delaware,0E0a,0,1,1,1,Total,Total,,68.4,68.4%,68.4,,,62.2,62.2%,62.2,74.0,74.0%,74.0,3.0,3.0,3.0,,,,10,,
410893335,1001,39,2009-2011,11,District of Columbia,0E0b,0,1,1,1,Total,Total,,63.7,63.7%,63.7,,,56.1,56.1%,56.1,70.7,70.7%,70.7,3.8,3.8,3.8,,,,11,,
410893336,1001,39,2009-2011,12,Florida,0E0c,0,1,1,1,Total,Total,,47.6,47.6%,47.6,,,40.5,40.5%,40.5,54.8,54.8%,54.8,3.7,3.7,3.7,,,,12,,
410893337,1001,39,2009-2011,13,Georgia,0E0d,0,1,1,1,Total,Total,,80.0,80.0%,80.0,,,74.3,74.3%,74.3,84.7,84.7%,84.7,2.6,2.6,2.6,,,,13,,
410893338,1001,39,2009-2011,15,Hawaii,0E0f,0,1,1,1,Total,Total,,73.1,73.1%,73.1,,,66.1,66.1%,66.1,79.2,79.2%,79.2,3.3,3.3,3.3,,,,15,,
410893339,1001,39,2009-2011,16,Idaho,0E0g,0,1,1,1,Total,Total,,65.6,65.6%,65.6,,,58.4,58.4%,58.4,72.2,72.2%,72.2,3.5,3.5,3.5,,,,16,,
410893340,1001,39,2009-2011,17,Illinois,0E0h,0,1,1,1,Total,Total,,68.9,68.9%,68.9,,,63.7,63.7%,63.7,73.7,73.7%,73.7,2.6,2.6,2.6,,,,17,,
410893341,1001,39,2009-2011,18,Indiana,0E0i,0,1,1,1,Total,Total,,81.5,81.5%,81.5,,,76.3,76.3%,76.3,85.8,85.8%,85.8,2.4,2.4,2.4,,,,18,,
410893342,1001,39,2009-2011,19,Iowa,0E0j,0,1,1,1,Total,Total,,59.1,59.1%,59.1,,,52.0,52.0%,52.0,65.7,65.7%,65.7,3.5,3.5,3.5,,,,19,,
410893343,1001,39,2009-2011,20,Kansas,0E0k,0,1,1,1,Total,Total,,78.0,78.0%,78.0,,,71.5,71.5%,71.5,83.5,83.5%,83.5,3.1,3.1,3.1,,,,20,,
410893344,1001,39,2009-2011,21,Kentucky,0E0l,0,1,1,1,Total,Total,,80.7,80.7%,80.7,,,74.5,74.5%,74.5,85.7,85.7%,85.7,2.9,2.9,2.9,,,,21,,
410893345,1001,39,2009-2011,22,Louisiana,0E0m,0,1,1,1,Total,Total,,64.5,64.5%,64.5,,,56.8,56.8%,56.8,71.5,71.5%,71.5,3.8,3.8,3.8,,,,22,,
410893346,1001,39,2009-2011,23,Maine,0E0n,0,1,1,1,Total,Total,,70.4,70.4%,70.4,,,63.4,63.4%,63.4,76.6,76.6%,76.6,3.4,3.4,3.4,,,,23,,
410893347,1001,39,2009-2011,24,Maryland,0E0o,0,1,1,1,Total,Total,,71.6,71.6%,71.6,,,64.8,64.8%,64.8,77.5,77.5%,77.5,3.3,3.3,3.3,,,,24,,
410893348,1001,39,2009-2011,25,Massachusetts,0E0p,0,1,1,1,Total,Total,,64.1,64.1%,64.1,,,57.4,57.4%,57.4,70.4,70.4%,70.4,3.3,3.3,3.3,,,,25,,
410893349,1001,39,2009-2011,26,Michigan,0E0q,0,1,1,1,Total,Total,,81.8,81.8%,81.8,,,75.4,75.4%,75.4,86.8,86.8%,86.8,2.9,2.9,2.9,,,,26,,
410893350,1001,39,2009-2011,27,Minnesota,0E0r,0,1,1,1,Total,Total,,52.9,52.9%,52.9,,,45.9,45.9%,45.9,59.8,59.8%,59.8,3.6,3.6,3.6,,,,27,,
410893351,1001,39,2009-2011,28,Mississippi,0E0s,0,1,1,1,Total,Total,,71.3,71.3%,71.3,,,64.3,64.3%,64.3,77.4,77.4%,77.4,3.3,3.3,3.3,,,,28,,
410893352,1001,39,2009-2011,29,Missouri,0E0t,0,1,1,1,Total,Total,,68.6,68.6%,68.6,,,62.1,62.1%,62.1,74.5,74.5%,74.5,3.2,3.2,3.2,,,,29,,
410893353,1001,39,2009-2011,30,Montana,0E0u,0,1,1,1,Total,Total,,75.0,75.0%,75.0,,,68.3,68.3%,68.3,80.7,80.7%,80.7,3.2,3.2,3.2,,,,30,,
410893354,1001,39,2009-2011,31,Nebraska,0E0v,0,1,1,1,Total,Total,,70.9,70.9%,70.9,,,64.1,64.1%,64.1,76.9,76.9%,76.9,3.3,3.3,3.3,,,,31,,
410893355,1001,39,2009-2011,32,Nevada,0E0w,0,1,1,1,Total,Total,,65.6,65.6%,65.6,,,58.2,58.2%,58.2,72.3,72.3%,72.3,3.6,3.6,3.6,,,,32,,
410893356,1001,39,2009-2011,33,New Hampshire,0E0x,0,1,1,1,Total,Total,,61.6,61.6%,61.6,,,54.1,54.1%,54.1,68.6,68.6%,68.6,3.7,3.7,3.7,,,,33,,
410893357,1001,39,2009-2011,34,New Jersey,0E0y,0,1,1,1,Total,Total,,42.8,42.8%,42.8,,,36.3,36.3%,36.3,49.6,49.6%,49.6,3.4,3.4,3.4,,,,34,,
410893358,1001,39,2009-2011,35,New Mexico,0E0z,0,1,1,1,Total,Total,,60.3,60.3%,60.3,,,53.8,53.8%,53.8,66.4,66.4%,66.4,3.2,3.2,3.2,,,,35,,
410893359,1001,39,2009-2011,36,New York,0E0A,0,1,1,1,Total,Total,,48.6,48.6%,48.6,,,43.4,43.4%,43.4,53.8,53.8%,53.8,2.7,2.7,2.7,,,,36,,
410893360,1001,39,2009-2011,37,North Carolina,0E0B,0,1,1,1,Total,Total,,75.5,75.5%,75.5,,,69.0,69.0%,69.0,80.9,80.9%,80.9,3.0,3.0,3.0,,,,37,,
410893361,1001,39,2009-2011,38,North Dakota,0E0C,0,1,1,1,Total,Total,,79.1,79.1%,79.1,,,72.8,72.8%,72.8,84.2,84.2%,84.2,2.9,2.9,2.9,,,,38,,
410893362,1001,39,2009-2011,39,Ohio,0E0D,0,1,1,1,Total,Total,,71.8,71.8%,71.8,,,63.9,63.9%,63.9,78.4,78.4%,78.4,3.7,3.7,3.7,,,,39,,
410893363,1001,39,2009-2011,40,Oklahoma,0E0E,0,1,1,1,Total,Total,,67.7,67.7%,67.7,,,61.0,61.0%,61.0,73.8,73.8%,73.8,3.3,3.3,3.3,,,,40,,
410893364,1001,39,2009-2011,41,Oregon,0E0F,0,1,1,1,Total,Total,,60.9,60.9%,60.9,,,53.5,53.5%,53.5,67.9,67.9%,67.9,3.7,3.7,3.7,,,,41,,
410893365,1001,39,2009-2011,42,Pennsylvania,0E0G,0,1,1,1,Total,Total,,71.7,71.7%,71.7,,,66.2,66.2%,66.2,76.7,76.7%,76.7,2.7,2.7,2.7,,,,42,,
410893366,1001,39,2009-2011,44,Rhode Island,0E0I,0,1,1,1,Total,Total,,68.8,68.8%,68.8,,,61.7,61.7%,61.7,75.2,75.2%,75.2,3.5,3.5,3.5,,,,44,,
410893367,1001,39,2009-2011,45,South Carolina,0E0J,0,1,1,1,Total,Total,,71.2,71.2%,71.2,,,64.6,64.6%,64.6,77.0,77.0%,77.0,3.2,3.2,3.2,,,,45,,
410893368,1001,39,2009-2011,46,South Dakota,0E0K,0,1,1,1,Total,Total,,59.1,59.1%,59.1,,,51.6,51.6%,51.6,66.3,66.3%,66.3,3.8,3.8,3.8,,,,46,,
410893369,1001,39,2009-2011,47,Tennessee,0E0L,0,1,1,1,Total,Total,,55.8,55.8%,55.8,,,48.5,48.5%,48.5,62.7,62.7%,62.7,3.6,3.6,3.6,,,,47,,
410893370,1001,39,2009-2011,48,Texas,0E0M,0,1,1,1,Total,Total,,72.9,72.9%,72.9,,,68.8,68.8%,68.8,76.5,76.5%,76.5,2.0,2.0,2.0,,,,48,,
410893371,1001,39,2009-2011,49,Utah,0E0N,0,1,1,1,Total,Total,,75.8,75.8%,75.8,,,69.0,69.0%,69.0,81.6,81.6%,81.6,3.2,3.2,3.2,,,,49,,
410893372,1001,39,2009-2011,50,Vermont,0E0O,0,1,1,1,Total,Total,,22.5,22.5%,22.5,,,17.2,17.2%,17.2,28.9,28.9%,28.9,3.0,3.0,3.0,,,,50,,
410893373,1001,39,2009-2011,51,Virginia,0E0P,0,1,1,1,Total,Total,,57.4,57.4%,57.4,,,49.6,49.6%,49.6,64.8,64.8%,64.8,3.9,3.9,3.9,,,,51,,
410893374,1001,39,2009-2011,53,Washington,0E0R,0,1,1,1,Total,Total,,72.2,72.2%,72.2,,,66.3,66.3%,66.3,77.5,77.5%,77.5,2.9,2.9,2.9,,,,53,,
410893375,1001,39,2009-2011,54,West Virginia,0E0S,0,1,1,1,Total,Total,,66.7,66.7%,66.7,,,60.6,60.6%,60.6,72.2,72.2%,72.2,3.0,3.0,3.0,,,,54,,
410893376,1001,39,2009-2011,55,Wisconsin,0E0T,0,1,1,1,Total,Total,,69.5,69.5%,69.5,,,62.8,62.8%,62.8,75.5,75.5%,75.5,3.3,3.3,3.3,,,,55,,
410893377,1001,39,2009-2011,56,Wyoming,0E0U,0,1,1,1,Total,Total,,56.5,56.5%,56.5,,,48.9,48.9%,48.9,63.8,63.8%,63.8,3.9,3.9,3.9,,,,56,,
410893378,1001,41,2010-2012,0,National,,0,1,1,1,Total,Total,,70.6,70.6%,70.6,,,69.3,69.3%,69.3,71.9,71.9%,71.9,0.7,0.7,0.7,,,,0,,
410893379,1001,41,2010-2012,0,National,,0,1205,1609,1,Male,Sex,,70.2,70.2%,70.2,,,68.4,68.4%,68.4,71.9,71.9%,71.9,0.9,0.9,0.9,,,,0,,
410893380,1001,41,2010-2012,0,National,,0,1216,1610,1,Female,Sex,,71.1,71.1%,71.1,,,69.1,69.1%,69.1,73.0,73.0%,73.0,1.0,1.0,1.0,,,,0,,
410893381,1001,41,2010-2012,0,National,,0,1227,1718,1,White only,Race/Ethnicity,,69.5,69.5%,69.5,,,67.9,67.9%,67.9,71.0,71.0%,71.0,0.8,0.8,0.8,,,,0,,
410893382,1001,41,2010-2012,0,National,,0,1230,1721,1,Black or African American only,Race/Ethnicity,,75.5,75.5%,75.5,,,72.1,72.1%,72.1,78.5,78.5%,78.5,1.6,1.6,1.6,,,,0,,
410893383,1001,41,2010-2012,0,National,,0,1232,1723,1,American Indian or Alaska Native only,Race/Ethnicity,,74.9,74.9%,74.9,,,66.5,66.5%,66.5,81.8,81.8%,81.8,3.9,3.9,3.9,,,,0,,
410893384,1001,41,2010-2012,0,National,,0,1234,1725,1,Asian only,Race/Ethnicity,,72.6,72.6%,72.6,,,66.1,66.1%,66.1,78.3,78.3%,78.3,3.1,3.1,3.1,,,,0,,
410893385,1001,41,2010-2012,0,National,,0,1238,1729,1,Native Hawaiian or Other Pacific Islander only,Race/Ethnicity,DSU,,DSU,,,,,,,,,,,,,,,,0,,
410893386,1001,41,2010-2012,0,National,,0,1240,1731,1,2 or more races,Race/Ethnicity,,69.0,69.0%,69.0,,,63.6,63.6%,63.6,73.9,73.9%,73.9,2.6,2.6,2.6,,,,0,,
410893387,1001,41,2010-2012,0,National,,0,1245,1735,1,Hispanic or Latino,Race/Ethnicity,,72.4,72.4%,72.4,,,69.2,69.2%,69.2,75.4,75.4%,75.4,1.6,1.6,1.6,,,,0,,
410893388,1001,41,2010-2012,0,National,,0,1246,1742,1,"White only, non-Hispanic",Race/Ethnicity,,68.4,68.4%,68.4,,,66.8,66.8%,66.8,69.9,69.9%,69.9,0.8,0.8,0.8,,,,0,,
410893389,1001,41,2010-2012,0,National,,0,1248,1744,1,"Black or African American only, non-Hispanic",Race/Ethnicity,,75.7,75.7%,75.7,,,72.2,72.2%,72.2,78.8,78.8%,78.8,1.7,1.7,1.7,,,,0,,
410893390,1001,41,2010-2012,0,National,,0,1257,1741,1,Not Hispanic or Latino,Race/Ethnicity,,70.0,70.0%,70.0,,,68.6,68.6%,68.6,71.3,71.3%,71.3,0.7,0.7,0.7,,,,0,,
410893391,1001,41,2010-2012,0,National,,0,1263,1886,1,Family income (% Poverty Threshold): <100%,Income and Poverty Status,,76.3,76.3%,76.3,,,74.2,74.2%,74.2,78.4,78.4%,78.4,1.1,1.1,1.1,,,,0,,
410893392,1001,41,2010-2012,0,National,,0,1266,1889,1,Family income (% Poverty Threshold): 100-199%,Income and Poverty Status,,70.6,70.6%,70.6,,,67.2,67.2%,67.2,73.8,73.8%,73.8,1.7,1.7,1.7,,,,0,,
410893393,1001,41,2010-2012,0,National,,0,1271,1896,1,Family income (% Poverty Threshold): 200-399%,Income and Poverty Status,,68.0,68.0%,68.0,,,65.4,65.4%,65.4,70.4,70.4%,70.4,1.3,1.3,1.3,,,,0,,
410893394,1001,41,2010-2012,0,National,,0,1276,1901,1,Family income (% Poverty Threshold): 400-599%,Income and Poverty Status,,64.7,64.7%,64.7,,,60.9,60.9%,60.9,68.2,68.2%,68.2,1.9,1.9,1.9,,,,0,,
410893395,1001,41,2010-2012,0,National,,0,1278,1903,1,Family income (% Poverty Threshold): 600+%,Income and Poverty Status,,61.0,61.0%,61.0,,,57.1,57.1%,57.1,64.8,64.8%,64.8,2.0,2.0,2.0,,,,0,,
410893396,1001,41,2010-2012,0,National,,20,1291,1836,24,"Education: < High school (Of mother, 25 years and over)",Educational Attainment,,73.5,73.5%,73.5,,,69.0,69.0%,69.0,77.5,77.5%,77.5,2.2,2.2,2.2,,,,0,,
410893397,1001,41,2010-2012,0,National,,20,1292,1837,24,"Education: High school (Of mother, 25 years and over)",Educational Attainment,,74.3,74.3%,74.3,,,70.9,70.9%,70.9,77.3,77.3%,77.3,1.6,1.6,1.6,,,,0,,
410893398,1001,41,2010-2012,0,National,,20,1295,1840,24,"Education: Some college (Of mother, 25 years and over)",Educational Attainment,,71.0,71.0%,71.0,,,66.1,66.1%,66.1,75.4,75.4%,75.4,2.4,2.4,2.4,,,,0,,
410893399,1001,41,2010-2012,0,National,,20,1298,1844,24,"Education: Associates degree (Of mother, 25 years and over)",Educational Attainment,,68.9,68.9%,68.9,,,64.1,64.1%,64.1,73.3,73.3%,73.3,2.4,2.4,2.4,,,,0,,
410893400,1001,41,2010-2012,0,National,,20,1299,1845,24,"Education: 4-year college degree (Of mother, 25 years and over)",Educational Attainment,,65.0,65.0%,65.0,,,62.2,62.2%,62.2,67.8,67.8%,67.8,1.4,1.4,1.4,,,,0,,
410893401,1001,41,2010-2012,0,National,,20,1302,1848,24,"Education: Advanced degree (Of mother, 25 years and over)",Educational Attainment,,64.2,64.2%,64.2,,,61.2,61.2%,61.2,67.0,67.0%,67.0,1.5,1.5,1.5,,,,0,,
410893402,1001,41,2010-2012,0,National,,0,1303,1874,1,Private health insurance,Health Insurance Status,,68.2,68.2%,68.2,,,66.4,66.4%,66.4,69.8,69.8%,69.8,0.9,0.9,0.9,,,,0,,
410893403,1001,41,2010-2012,0,National,,0,1304,1875,1,Public health insurance,Health Insurance Status,,74.9,74.9%,74.9,,,72.8,72.8%,72.8,76.9,76.9%,76.9,1.1,1.1,1.1,,,,0,,
410893404,1001,41,2010-2012,0,National,,0,1305,1873,1,Any health insurance,Health Insurance Status,,71.2,71.2%,71.2,,,69.9,69.9%,69.9,72.5,72.5%,72.5,0.7,0.7,0.7,,,,0,,
410893405,1001,41,2010-2012,0,National,,0,1306,1877,1,No health insurance,Health Insurance Status,,57.7,57.7%,57.7,,,50.0,50.0%,50.0,65.0,65.0%,65.0,3.9,3.9,3.9,,,,0,,
410893406,1001,41,2010-2012,0,National,,0,1340,1812,1,Born in US,Country of Birth,,70.9,70.9%,70.9,,,69.6,69.6%,69.6,72.2,72.2%,72.2,0.7,0.7,0.7,,,,0,,
410893407,1001,41,2010-2012,0,National,,0,1341,1813,1,Born outside of US,Country of Birth,DSU,,DSU,,,,,,,,,,,,,,,,0,,
410893408,1001,41,2010-2012,0,National,,0,1442,1862,1,Metropolitan,Geography,,68.5,68.5%,68.5,,,66.8,66.8%,66.8,70.2,70.2%,70.2,0.9,0.9,0.9,,,,0,,
410893409,1001,41,2010-2012,0,National,,0,1443,1863,1,Non-metropolitan,Geography,,76.2,76.2%,76.2,,,73.3,73.3%,73.3,78.9,78.9%,78.9,1.4,1.4,1.4,,,,0,,
410893410,1001,41,2010-2012,1,Alabama,0E01,0,1,1,1,Total,Total,,80.1,80.1%,80.1,,,74.3,74.3%,74.3,84.8,84.8%,84.8,2.7,2.7,2.7,,,,1,,
410893411,1001,41,2010-2012,2,Alaska,0E02,0,1,1,1,Total,Total,,61.9,61.9%,61.9,,,54.4,54.4%,54.4,68.8,68.8%,68.8,3.7,3.7,3.7,,,,2,,
410893412,1001,41,2010-2012,4,Arizona,0E04,0,1,1,1,Total,Total,,74.5,74.5%,74.5,,,66.7,66.7%,66.7,80.9,80.9%,80.9,3.6,3.6,3.6,,,,4,,
410893413,1001,41,2010-2012,5,Arkansas,0E05,0,1,1,1,Total,Total,,79.3,79.3%,79.3,,,71.9,71.9%,71.9,85.2,85.2%,85.2,3.4,3.4,3.4,,,,5,,
410893414,1001,41,2010-2012,6,California,0E06,0,1,1,1,Total,Total,,58.6,58.6%,58.6,,,51.9,51.9%,51.9,65.0,65.0%,65.0,3.4,3.4,3.4,,,,6,,
410893415,1001,41,2010-2012,8,Colorado,0E08,0,1,1,1,Total,Total,,67.3,67.3%,67.3,,,58.8,58.8%,58.8,74.8,74.8%,74.8,4.1,4.1,4.1,,,,8,,
410893416,1001,41,2010-2012,9,Connecticut,0E09,0,1,1,1,Total,Total,,77.0,77.0%,77.0,,,71.4,71.4%,71.4,81.9,81.9%,81.9,2.7,2.7,2.7,,,,9,,
410893417,1001,41,2010-2012,10,Delaware,0E0a,0,1,1,1,Total,Total,,69.2,69.2%,69.2,,,61.9,61.9%,61.9,75.6,75.6%,75.6,3.5,3.5,3.5,,,,10,,
410893418,1001,41,2010-2012,11,District of Columbia,0E0b,0,1,1,1,Total,Total,,74.7,74.7%,74.7,,,67.6,67.6%,67.6,80.8,80.8%,80.8,3.4,3.4,3.4,,,,11,,
410893419,1001,41,2010-2012,12,Florida,0E0c,0,1,1,1,Total,Total,,62.0,62.0%,62.0,,,54.6,54.6%,54.6,68.9,68.9%,68.9,3.7,3.7,3.7,,,,12,,
410893420,1001,41,2010-2012,13,Georgia,0E0d,0,1,1,1,Total,Total,,84.2,84.2%,84.2,,,78.5,78.5%,78.5,88.7,88.7%,88.7,2.6,2.6,2.6,,,,13,,
410893421,1001,41,2010-2012,15,Hawaii,0E0f,0,1,1,1,Total,Total,,77.8,77.8%,77.8,,,70.1,70.1%,70.1,83.9,83.9%,83.9,3.5,3.5,3.5,,,,15,,
410893422,1001,41,2010-2012,16,Idaho,0E0g,0,1,1,1,Total,Total,,73.1,73.1%,73.1,,,65.3,65.3%,65.3,79.7,79.7%,79.7,3.7,3.7,3.7,,,,16,,
410893423,1001,41,2010-2012,17,Illinois,0E0h,0,1,1,1,Total,Total,,70.7,70.7%,70.7,,,65.2,65.2%,65.2,75.7,75.7%,75.7,2.7,2.7,2.7,,,,17,,
410893424,1001,41,2010-2012,18,Indiana,0E0i,0,1,1,1,Total,Total,,82.5,82.5%,82.5,,,76.7,76.7%,76.7,87.1,87.1%,87.1,2.6,2.6,2.6,,,,18,,
410893425,1001,41,2010-2012,19,Iowa,0E0j,0,1,1,1,Total,Total,,72.7,72.7%,72.7,,,65.9,65.9%,65.9,78.5,78.5%,78.5,3.2,3.2,3.2,,,,19,,
410893426,1001,41,2010-2012,20,Kansas,0E0k,0,1,1,1,Total,Total,,78.3,78.3%,78.3,,,70.8,70.8%,70.8,84.3,84.3%,84.3,3.5,3.5,3.5,,,,20,,
410893427,1001,41,2010-2012,21,Kentucky,0E0l,0,1,1,1,Total,Total,,80.8,80.8%,80.8,,,73.7,73.7%,73.7,86.3,86.3%,86.3,3.2,3.2,3.2,,,,21,,
410893428,1001,41,2010-2012,22,Louisiana,0E0m,0,1,1,1,Total,Total,,77.6,77.6%,77.6,,,71.0,71.0%,71.0,83.0,83.0%,83.0,3.1,3.1,3.1,,,,22,,
410893429,1001,41,2010-2012,23,Maine,0E0n,0,1,1,1,Total,Total,,72.3,72.3%,72.3,,,65.6,65.6%,65.6,78.1,78.1%,78.1,3.2,3.2,3.2,,,,23,,
410893430,1001,41,2010-2012,24,Maryland,0E0o,0,1,1,1,Total,Total,,73.5,73.5%,73.5,,,67.0,67.0%,67.0,79.1,79.1%,79.1,3.1,3.1,3.1,,,,24,,
410893431,1001,41,2010-2012,25,Massachusetts,0E0p,0,1,1,1,Total,Total,,71.5,71.5%,71.5,,,64.2,64.2%,64.2,77.8,77.8%,77.8,3.5,3.5,3.5,,,,25,,
410893432,1001,41,2010-2012,26,Michigan,0E0q,0,1,1,1,Total,Total,,75.2,75.2%,75.2,,,67.7,67.7%,67.7,81.4,81.4%,81.4,3.5,3.5,3.5,,,,26,,
410893433,1001,41,2010-2012,27,Minnesota,0E0r,0,1,1,1,Total,Total,,56.4,56.4%,56.4,,,48.3,48.3%,48.3,64.1,64.1%,64.1,4.1,4.1,4.1,,,,27,,
410893434,1001,41,2010-2012,28,Mississippi,0E0s,0,1,1,1,Total,Total,,78.1,78.1%,78.1,,,70.4,70.4%,70.4,84.3,84.3%,84.3,3.5,3.5,3.5,,,,28,,
410893435,1001,41,2010-2012,29,Missouri,0E0t,0,1,1,1,Total,Total,,75.0,75.0%,75.0,,,68.5,68.5%,68.5,80.6,80.6%,80.6,3.1,3.1,3.1,,,,29,,
410893436,1001,41,2010-2012,30,Montana,0E0u,0,1,1,1,Total,Total,,71.0,71.0%,71.0,,,63.5,63.5%,63.5,77.5,77.5%,77.5,3.6,3.6,3.6,,,,30,,
410893437,1001,41,2010-2012,31,Nebraska,0E0v,0,1,1,1,Total,Total,,76.4,76.4%,76.4,,,69.3,69.3%,69.3,82.3,82.3%,82.3,3.3,3.3,3.3,,,,31,,
410893438,1001,41,2010-2012,32,Nevada,0E0w,0,1,1,1,Total,Total,,62.8,62.8%,62.8,,,53.4,53.4%,53.4,71.3,71.3%,71.3,4.6,4.6,4.6,,,,32,,
410893439,1001,41,2010-2012,33,New Hampshire,0E0x,0,1,1,1,Total,Total,,76.6,76.6%,76.6,,,69.9,69.9%,69.9,82.2,82.2%,82.2,3.2,3.2,3.2,,,,33,,
410893440,1001,41,2010-2012,34,New Jersey,0E0y,0,1,1,1,Total,Total,,51.7,51.7%,51.7,,,45.2,45.2%,45.2,58.0,58.0%,58.0,3.3,3.3,3.3,,,,34,,
410893441,1001,41,2010-2012,35,New Mexico,0E0z,0,1,1,1,Total,Total,,69.4,69.4%,69.4,,,61.2,61.2%,61.2,76.6,76.6%,76.6,4.0,4.0,4.0,,,,35,,
410893442,1001,41,2010-2012,36,New York,0E0A,0,1,1,1,Total,Total,,59.3,59.3%,59.3,,,54.2,54.2%,54.2,64.2,64.2%,64.2,2.6,2.6,2.6,,,,36,,
410893443,1001,41,2010-2012,37,North Carolina,0E0B,0,1,1,1,Total,Total,,77.2,77.2%,77.2,,,69.7,69.7%,69.7,83.2,83.2%,83.2,3.4,3.4,3.4,,,,37,,
410893444,1001,41,2010-2012,38,North Dakota,0E0C,0,1,1,1,Total,Total,,83.7,83.7%,83.7,,,76.2,76.2%,76.2,89.1,89.1%,89.1,3.3,3.3,3.3,,,,38,,
410893445,1001,41,2010-2012,39,Ohio,0E0D,0,1,1,1,Total,Total,,85.3,85.3%,85.3,,,79.5,79.5%,79.5,89.6,89.6%,89.6,2.6,2.6,2.6,,,,39,,
410893446,1001,41,2010-2012,40,Oklahoma,0E0E,0,1,1,1,Total,Total,,68.4,68.4%,68.4,,,61.0,61.0%,61.0,75.0,75.0%,75.0,3.6,3.6,3.6,,,,40,,
410893447,1001,41,2010-2012,41,Oregon,0E0F,0,1,1,1,Total,Total,,71.8,71.8%,71.8,,,65.2,65.2%,65.2,77.5,77.5%,77.5,3.1,3.1,3.1,,,,41,,
410893448,1001,41,2010-2012,42,Pennsylvania,0E0G,0,1,1,1,Total,Total,,75.2,75.2%,75.2,,,69.8,69.8%,69.8,79.9,79.9%,79.9,2.6,2.6,2.6,,,,42,,
410893449,1001,41,2010-2012,44,Rhode Island,0E0I,0,1,1,1,Total,Total,,75.5,75.5%,75.5,,,68.9,68.9%,68.9,81.1,81.1%,81.1,3.1,3.1,3.1,,,,44,,
410893450,1001,41,2010-2012,45,South Carolina,0E0J,0,1,1,1,Total,Total,,68.3,68.3%,68.3,,,60.7,60.7%,60.7,74.9,74.9%,74.9,3.7,3.7,3.7,,,,45,,
410893451,1001,41,2010-2012,46,South Dakota,0E0K,0,1,1,1,Total,Total,,84.2,84.2%,84.2,,,77.5,77.5%,77.5,89.2,89.2%,89.2,3.0,3.0,3.0,,,,46,,
410893452,1001,41,2010-2012,47,Tennessee,0E0L,0,1,1,1,Total,Total,,67.2,67.2%,67.2,,,59.6,59.6%,59.6,73.9,73.9%,73.9,3.7,3.7,3.7,,,,47,,
410893453,1001,41,2010-2012,48,Texas,0E0M,0,1,1,1,Total,Total,,78.3,78.3%,78.3,,,74.1,74.1%,74.1,81.9,81.9%,81.9,2.0,2.0,2.0,,,,48,,
410893454,1001,41,2010-2012,49,Utah,0E0N,0,1,1,1,Total,Total,,79.5,79.5%,79.5,,,72.9,72.9%,72.9,84.9,84.9%,84.9,3.0,3.0,3.0,,,,49,,
410893455,1001,41,2010-2012,50,Vermont,0E0O,0,1,1,1,Total,Total,,24.1,24.1%,24.1,,,18.7,18.7%,18.7,30.6,30.6%,30.6,3.1,3.1,3.1,,,,50,,
410893456,1001,41,2010-2012,51,Virginia,0E0P,0,1,1,1,Total,Total,,71.5,71.5%,71.5,,,64.1,64.1%,64.1,77.9,77.9%,77.9,3.5,3.5,3.5,,,,51,,
410893457,1001,41,2010-2012,53,Washington,0E0R,0,1,1,1,Total,Total,,73.5,73.5%,73.5,,,66.8,66.8%,66.8,79.2,79.2%,79.2,3.2,3.2,3.2,,,,53,,
410893458,1001,41,2010-2012,54,West Virginia,0E0S,0,1,1,1,Total,Total,,63.9,63.9%,63.9,,,57.1,57.1%,57.1,70.2,70.2%,70.2,3.4,3.4,3.4,,,,54,,
410893459,1001,41,2010-2012,55,Wisconsin,0E0T,0,1,1,1,Total,Total,,71.1,71.1%,71.1,,,64.1,64.1%,64.1,77.2,77.2%,77.2,3.3,3.3,3.3,,,,55,,
410893460,1001,41,2010-2012,56,Wyoming,0E0U,0,1,1,1,Total,Total,,70.8,70.8%,70.8,,,63.4,63.4%,63.4,77.1,77.1%,77.1,3.5,3.5,3.5,,,,56,,
