table,sequence_id,column,datatype,transform,description
,,,,,
living_wage,1,id,int,,extract_desc
living_wage,2,reportyear,int,,Year or years that indicator was reported
living_wage,3,family_type,str,,
living_wage,4,race_eth_code,int,,Race / ethnicity code
living_wage,5,race_eth_name,str,,Race / ethnicity name
living_wage,6,geotype,str,,Code for type of geographic area
living_wage,7,geotypevalue,int,,Census geoid code
living_wage,8,geoname,str,,Census name of geographic area
living_wage,9,county_name,str,,County name
living_wage,10,county_fips,int,,County FIPS code
living_wage,11,region_name,str,,Name of region
living_wage,12,region_code,int,,Numeric code of region
living_wage,13,fam_lt_lw,float,,
living_wage,14,families,int,,
living_wage,15,pct_lt_lw,float,,
living_wage,16,ll_95ci,float,^na_is_none,Lower bound of 95% confidence interval
living_wage,17,ul_95ci,float,^na_is_none,Upper bound of 95% confidence interval
living_wage,18,se,float,^na_is_none,Standard error
living_wage,19,rse,float,^catch_dbz,Relative standard error (se/percent * 100) expressed as a percent
living_wage,20,family_type_decile,str,,
living_wage,21,ca_rr,float,,Ratio of indicator to state average
living_wage,22,livingwage,float,,
living_wage,23,version,date,^excel_dt_1904|date,Release version date code
living_wage,24,gvid,census.GVid,^extract_geoid,GVid version of the geotype and geotypeval
,,,,,
household_type,1,id,int,,extract_desc
household_type,2,reportyear,str,,Year or years that indicator was reported
household_type,3,race_eth_code,int,,Race / ethnicity code
household_type,4,race_eth_name,str,,Race / ethnicity name
household_type,5,geotype,str,,Code for type of geographic area
household_type,6,geotypevalue,int,,Census geoid code
household_type,7,geoname,str,,Census name of geographic area
household_type,8,county_name,str,,County name
household_type,9,county_fips,int,,County FIPS code
household_type,10,region_name,str,,Name of region
household_type,11,region_code,int,,Numeric code of region
household_type,12,strata_name_code,int,,Strata name code
household_type,13,strata_name,str,,Strata name
household_type,14,strata_level_name_code,int,,Strata level name code
household_type,15,strata_level_name,str,,Strata level name
household_type,16,households,int,,
household_type,17,total_households,int,,
household_type,18,households_percent,float,,
household_type,19,ll95ci_percent,float,,Lower bound of 95% confidence interval
household_type,20,ul95ci_percent,float,,Upper bound of 95% confidence interval
household_type,21,percent_se,float,,
household_type,22,percent_rse,float,,
household_type,23,ca_decile,int,,Statewide decile ranking
household_type,24,ca_rr,float,,Ratio of indicator to state average
household_type,25,version,date,^excel_dt_1904|date,Release version date code
household_type,26,gvid,census.GVid,^extract_geoid,GVid version of the geotype and geotypeval
,,,,,
household_crowding,1,id,int,,extract_desc
household_crowding,2,reportyear,str,,Year or years that indicator was reported
household_crowding,3,race_eth_code,int,,Race / ethnicity code
household_crowding,4,race_eth_name,str,,Race / ethnicity name
household_crowding,5,income_level,str,,
household_crowding,6,tenure,str,,
household_crowding,7,crowding_cat,str,,
household_crowding,8,geotype,str,,Code for type of geographic area
household_crowding,9,geotypevalue,int,,Census geoid code
household_crowding,10,geoname,str,,Census name of geographic area
household_crowding,11,county_name,str,,County name
household_crowding,12,county_fips,int,,County FIPS code
household_crowding,13,region_name,str,,Name of region
household_crowding,14,region_code,int,,Numeric code of region
household_crowding,15,total_hshlds,int,,
household_crowding,16,crowded_hshlds,int,,
household_crowding,17,percent,float,,
household_crowding,18,ll95ci,float,,Lower bound of 95% confidence interval
household_crowding,19,ul95ci,float,,Upper bound of 95% confidence interval
household_crowding,20,se,float,,Standard error
household_crowding,21,rse,float,^catch_dbz,Relative standard error (se/percent * 100) expressed as a percent
household_crowding,22,ca_decile,int,,Statewide decile ranking
household_crowding,23,ca_rr,float,,Ratio of indicator to state average
household_crowding,24,version,date,^excel_dt_1904|date,Release version date code
household_crowding,25,gvid,census.GVid,^extract_geoid,GVid version of the geotype and geotypeval
,,,,,
unemployment,1,id,int,,extract_desc
unemployment,2,reportyear,str,,Year or years that indicator was reported
unemployment,3,race_eth_code,int,,Race / ethnicity code
unemployment,4,race_eth_name,str,,Race / ethnicity name
unemployment,5,geotype,str,,Code for type of geographic area
unemployment,6,geotypevalue,int,,Census geoid code
unemployment,7,geoname,str,,Census name of geographic area
unemployment,8,county_fips,int,,County FIPS code
unemployment,9,county_name,str,,County name
unemployment,10,region_code,int,,Numeric code of region
unemployment,11,region_name,str,,Name of region
unemployment,12,unemployment,float,,Upper bound of 95% confidence interval
unemployment,13,labor_force,int,,
unemployment,14,unemployment_rate,float,,
unemployment,15,ll_95ci,float,,Lower bound of 95% confidence interval
unemployment,16,ul_95ci,float,,Upper bound of 95% confidence interval
unemployment,17,se,float,,Standard error
unemployment,18,rse,float,^catch_dbz,Relative standard error (se/percent * 100) expressed as a percent
unemployment,19,place_decile,str,,
unemployment,20,ca_rr,float,,Ratio of indicator to state average
unemployment,21,version,date,^excel_dt_1904|date,Release version date code
unemployment,22,gvid,census.GVid,^extract_geoid,GVid version of the geotype and geotypeval
,,,,,
housing_cost,1,id,int,,extract_desc
housing_cost,2,datasource,str,,
housing_cost,3,reportyear,str,,Year or years that indicator was reported
housing_cost,4,burden,str,,
housing_cost,5,tenure,str,,
housing_cost,6,race_eth_code,int,,Race / ethnicity code
housing_cost,7,race_eth_name,str,,Race / ethnicity name
housing_cost,8,income_level,str,,
housing_cost,9,geotype,str,,Code for type of geographic area
housing_cost,10,geotypevalue,int,,Census geoid code
housing_cost,11,geoname,str,,Census name of geographic area
housing_cost,12,county_name,str,,County name
housing_cost,13,county_fips,int,,County FIPS code
housing_cost,14,region_name,str,,Name of region
housing_cost,15,region_code,int,,Numeric code of region
housing_cost,16,total_households,int,,
housing_cost,17,burdened_households,int,,
housing_cost,18,percent,float,,
housing_cost,19,ll95ci,float,,Lower bound of 95% confidence interval
housing_cost,20,ul95ci,float,,Upper bound of 95% confidence interval
housing_cost,21,se,float,,Standard error
housing_cost,22,rse,float,^catch_dbz,Relative standard error (se/percent * 100) expressed as a percent
housing_cost,23,ca_decile,int,,Statewide decile ranking
housing_cost,24,ca_rr,float,,Ratio of indicator to state average
housing_cost,25,version,date,^excel_dt_1904|date,Release version date code
housing_cost,26,gvid,census.GVid,^extract_geoid,GVid version of the geotype and geotypeval
,,,,,
transport_work,1,id,int,,extract_desc
transport_work,2,reportyear,str,,Year or years that indicator was reported
transport_work,3,race_eth_code,int,,Race / ethnicity code
transport_work,4,race_eth_name,str,,Race / ethnicity name
transport_work,5,geotype,str,,Code for type of geographic area
transport_work,6,geotypevalue,int,,Census geoid code
transport_work,7,geoname,str,,Census name of geographic area
transport_work,8,county_name,str,,County name
transport_work,9,county_fips,int,,County FIPS code
transport_work,10,region_name,str,,Name of region
transport_work,11,region_code,int,,Numeric code of region
transport_work,12,mode,str,,
transport_work,13,mode_name,str,,
transport_work,14,pop_total,int,,
transport_work,15,pop_mode,int,,
transport_work,16,percent,float,,
transport_work,17,ll95ci_percent,float,,Lower bound of 95% confidence interval
transport_work,18,ul95ci_percent,float,,Upper bound of 95% confidence interval
transport_work,19,percent_se,float,,
transport_work,20,percent_rse,float,,
transport_work,21,ca_decile,int,^na_is_none,Statewide decile ranking
transport_work,22,ca_rr,float,,Ratio of indicator to state average
transport_work,23,version,date,^excel_dt_1904|date,Release version date code
transport_work,24,gvid,census.GVid,^extract_geoid,GVid version of the geotype and geotypeval
,,,,,
poverty_rate,1,id,int,,extract_desc
poverty_rate,2,reportyear,str,,Year or years that indicator was reported
poverty_rate,3,race_eth_code,int,,Race / ethnicity code
poverty_rate,4,race_eth_name,str,,Race / ethnicity name
poverty_rate,5,geotype,str,,Code for type of geographic area
poverty_rate,6,geotypevalue,int,,Census geoid code
poverty_rate,7,geoname,str,,Census name of geographic area
poverty_rate,8,county_name,str,,County name
poverty_rate,9,county_fips,int,,County FIPS code
poverty_rate,10,region_name,str,,Name of region
poverty_rate,11,region_code,int,,Numeric code of region
poverty_rate,12,poverty,str,,
poverty_rate,13,totalpop,float,,
poverty_rate,14,numpov,float,,
poverty_rate,15,percent,float,,
poverty_rate,16,ll_95ci_percent,float,,Lower bound of 95% confidence interval
poverty_rate,17,ul_95ci_percent,float,,Upper bound of 95% confidence interval
poverty_rate,18,percent_se,float,,
poverty_rate,19,percent_rse,float,,
poverty_rate,20,place_decile,str,,
poverty_rate,21,ca_rr,float,,Ratio of indicator to state average
poverty_rate,22,concentratedct,str,,
poverty_rate,23,version,date,^excel_dt_1904|date,Release version date code
poverty_rate,24,gvid,census.GVid,^extract_geoid,GVid version of the geotype and geotypeval
,,,,,
income_inequality,1,id,int,,extract_desc
income_inequality,2,reportyear,str,,Year or years that indicator was reported
income_inequality,3,race_eth_code,int,,Race / ethnicity code
income_inequality,4,race_eth_name,str,,Race / ethnicity name
income_inequality,5,geotype,str,,Code for type of geographic area
income_inequality,6,geotypevalue,int,,Census geoid code
income_inequality,7,geoname,str,,Census name of geographic area
income_inequality,8,county_name,str,,County name
income_inequality,9,county_fips,int,,County FIPS code
income_inequality,10,region_name,str,,Name of region
income_inequality,11,region_code,int,,Numeric code of region
income_inequality,12,numerator,str,,
income_inequality,13,households,int,,
income_inequality,14,gini_index,float,,
income_inequality,15,ll_95ci,float,,Lower bound of 95% confidence interval
income_inequality,16,ul_95ci,float,,Upper bound of 95% confidence interval
income_inequality,17,se,float,,Standard error
income_inequality,18,rse,float,^catch_dbz,Relative standard error (se/percent * 100) expressed as a percent
income_inequality,19,ca_decile,int,,Statewide decile ranking
income_inequality,20,ca_rr,float,,Ratio of indicator to state average
income_inequality,21,median_hh_income,int,,
income_inequality,22,median_hh_decile,int,,
income_inequality,23,version,date,^version_date,Release version date code
income_inequality,24,gvid,census.GVid,^extract_geoid,GVid version of the geotype and geotypeval
,,,,,
open_space,1,id,int,,extract_desc
open_space,2,reportyear,int,,Year or years that indicator was reported
open_space,3,race_eth_code,int,,Race / ethnicity code
open_space,4,race_eth_name,str,,Race / ethnicity name
open_space,5,geotype,str,,Code for type of geographic area
open_space,6,geotypevalue,int,,Census geoid code
open_space,7,geoname,str,,Census name of geographic area
open_space,8,county_name,str,,County name
open_space,9,county_fips,int,,County FIPS code
open_space,10,region_name,str,,Name of region
open_space,11,region_code,int,,Numeric code of region
open_space,12,pop_park_acc,int,,
open_space,13,pop2010,int,,
open_space,14,p_parkacc,float,,
open_space,15,ll_95ci,float,,Lower bound of 95% confidence interval
open_space,16,ul_95ci,float,,Upper bound of 95% confidence interval
open_space,17,se,float,,Standard error
open_space,18,rse,float,^catch_dbz,Relative standard error (se/percent * 100) expressed as a percent
open_space,19,ca_decile,int,^na_is_none,Statewide decile ranking
open_space,20,ca_rr,float,,Ratio of indicator to state average
open_space,21,version,date,^excel_dt_1904|date,Release version date code
open_space,22,gvid,census.GVid,^extract_geoid,GVid version of the geotype and geotypeval
,,,,,
air_quality,1,id,int,,
air_quality,2,reportyear,str,,Year or years that indicator was reported
air_quality,3,race_eth_code,int,,Race / ethnicity code
air_quality,4,race_eth_name,str,,Race / ethnicity name
air_quality,5,geotype,str,,Code for type of geographic area
air_quality,6,geotypevalue,int,,Census geoid code
air_quality,7,geoname,str,,Census name of geographic area
air_quality,8,county_name,str,,County name
air_quality,9,county_fips,int,,County FIPS code
air_quality,10,region_name,str,,Name of region
air_quality,11,region_code,int,,Numeric code of region
air_quality,12,numerator,str,,
air_quality,13,poppt,float,,
air_quality,14,pm25_concentration,float,,
air_quality,15,ll_95ci,float,^na_is_none,Lower bound of 95% confidence interval
air_quality,16,ul_95ci,float,^na_is_none,Upper bound of 95% confidence interval
air_quality,17,se,float,^na_is_none,Standard error
air_quality,18,rse,float,^catch_dbz,Relative standard error (se/percent * 100) expressed as a percent
air_quality,19,pm25_decile,int,,
air_quality,20,pm25ratio_ca,float,,
air_quality,21,version,date,^version_date,Release version date code
air_quality,22,gvid,census.GVid,^extract_geoid,GVid version of the geotype and geotypeval
,,,,,
food_affordability,1,id,int,,
food_affordability,2,reportyear,str,,Year or years that indicator was reported
food_affordability,3,race_eth_code,int,,Race / ethnicity code
food_affordability,4,race_eth_name,str,,Race / ethnicity name
food_affordability,5,geotype,str,,Code for type of geographic area
food_affordability,6,geotypevalue,int,,Census geoid code
food_affordability,7,geoname,str,,Census name of geographic area
food_affordability,8,county_name,str,,County name
food_affordability,9,county_fips,int,,County FIPS code
food_affordability,10,region_name,str,,Name of region
food_affordability,11,region_code,int,,Numeric code of region
food_affordability,12,cost_yr,float,,
food_affordability,13,median_income,float,,
food_affordability,14,affordability_ratio,float,,
food_affordability,15,ll95_affordability_ratio,float,,Lower bound of 95% confidence interval
food_affordability,16,ul95_affordability_ratio,float,,Upper bound of 95% confidence interval
food_affordability,17,se_food_afford,float,,Standard error
food_affordability,18,rse_food_afford,float,^catch_dbz,Relative standard error (se/percent * 100) expressed as a percent
food_affordability,19,food_afford_decile,int,,
food_affordability,20,ca_rr_affordability,float,,Ratio of indicator to state average
food_affordability,21,ave_fam_size,float,,
food_affordability,22,version,date,^excel_dt_1904|date,Release version date code
food_affordability,23,gvid,census.GVid,^extract_geoid,GVid version of the geotype and geotypeval
,,,,,
abuse_neglect,1,id,int,,
abuse_neglect,2,reportyear,int,,Year or years that indicator was reported
abuse_neglect,3,race_eth_code,int,,Race / ethnicity code
abuse_neglect,4,race_eth_name,str,,Race / ethnicity name
abuse_neglect,5,geotype,str,,Code for type of geographic area
abuse_neglect,6,geotypevalue,int,,Census geoid code
abuse_neglect,7,geoname,str,,Census name of geographic area
abuse_neglect,8,county_fips,int,,County FIPS code
abuse_neglect,9,county_name,str,,County name
abuse_neglect,10,region_code,int,,Numeric code of region
abuse_neglect,11,region_name,str,,Name of region
abuse_neglect,12,strata_name_code,int,,Strata name code
abuse_neglect,13,strata_name,str,,Strata name
abuse_neglect,14,strata_level_name_code,int,,Strata level name code
abuse_neglect,15,strata_level_name,str,,Strata level name
abuse_neglect,16,allegations_children,int,,
abuse_neglect,17,total_children,int,,
abuse_neglect,18,percent,float,,
abuse_neglect,19,ll_95ci,float,,Lower bound of 95% confidence interval
abuse_neglect,20,ul_95ci,float,,Upper bound of 95% confidence interval
abuse_neglect,21,se,float,,Standard error
abuse_neglect,22,rse,float,^catch_dbz,Relative standard error (se/percent * 100) expressed as a percent
abuse_neglect,23,ca_decile,int,,Statewide decile ranking
abuse_neglect,24,ca_rr,float,,Ratio of indicator to state average
abuse_neglect,25,version,date,^excel_dt_1904|date,Release version date code
abuse_neglect,26,gvid,census.GVid,^extract_geoid,GVid version of the geotype and geotypeval
,,,,,
alcohol_outlets,1,id,int,,
alcohol_outlets,2,reportyear,int,,Year or years that indicator was reported
alcohol_outlets,3,race_eth_code,int,,Race / ethnicity code
alcohol_outlets,4,race_eth_name,str,,Race / ethnicity name
alcohol_outlets,5,geotype,str,,Code for type of geographic area
alcohol_outlets,6,geotypevalue,int,,Census geoid code
alcohol_outlets,7,geoname,str,,Census name of geographic area
alcohol_outlets,8,county_fips,int,,County FIPS code
alcohol_outlets,9,county_name,str,,County name
alcohol_outlets,10,region_code,int,,Numeric code of region
alcohol_outlets,11,region_name,str,,Name of region
alcohol_outlets,12,license_type,str,,
alcohol_outlets,13,numerator,int,,
alcohol_outlets,14,denominator,int,,
alcohol_outlets,15,percent,float,,
alcohol_outlets,16,ll_95ci,float,,Lower bound of 95% confidence interval
alcohol_outlets,17,ul_95ci,float,,Upper bound of 95% confidence interval
alcohol_outlets,18,se,float,,Standard error
alcohol_outlets,19,rse,float,^catch_dbz,Relative standard error (se/percent * 100) expressed as a percent
alcohol_outlets,20,ca_decile,int,,Statewide decile ranking
alcohol_outlets,21,ca_rr,float,,Ratio of indicator to state average
alcohol_outlets,22,version,date,^excel_dt_1904|date,Release version date code
alcohol_outlets,23,gvid,census.GVid,^extract_geoid,GVid version of the geotype and geotypeval
,,,,,
traffic_fatalities,1,id,int,,extract_desc
traffic_fatalities,2,reportyear,str,,Year or years that indicator was reported
traffic_fatalities,3,geotype,str,,Code for type of geographic area
traffic_fatalities,4,geotypevalue,int,,Census geoid code
traffic_fatalities,5,geoname,str,,Census name of geographic area
traffic_fatalities,6,county_name,str,,County name
traffic_fatalities,7,county_fips,int,,County FIPS code
traffic_fatalities,8,region_name,str,,Name of region
traffic_fatalities,9,region_code,int,,Numeric code of region
traffic_fatalities,10,mode,str,,
traffic_fatalities,11,severity,str,,
traffic_fatalities,12,injuries,float,,
traffic_fatalities,13,totalpop,float,,
traffic_fatalities,14,poprate,float,,
traffic_fatalities,15,ll95ci_poprate,float,,Lower bound of 95% confidence interval
traffic_fatalities,16,ul95ci_poprate,float,,Upper bound of 95% confidence interval
traffic_fatalities,17,poprate_se,float,,
traffic_fatalities,18,poprate_rse,float,,
traffic_fatalities,19,ca_decile_pop,int,^na_is_none,Statewide decile ranking
traffic_fatalities,20,ca_rr_poprate,float,,Ratio of indicator to state average
traffic_fatalities,21,avmttotal,float,,
traffic_fatalities,22,avmtrate,float,,
traffic_fatalities,23,ll95ci_avmtrate,float,,Lower bound of 95% confidence interval
traffic_fatalities,24,ul95ci_avmtrate,float,,Upper bound of 95% confidence interval
traffic_fatalities,25,avmtrate_se,float,,
traffic_fatalities,26,avmtrate_rse,float,,
traffic_fatalities,27,ca_decile_avmt,int,^na_is_none,Statewide decile ranking
traffic_fatalities,28,ca_rr_avmtrate,float,,Ratio of indicator to state average
traffic_fatalities,29,groupquarters,float,,
traffic_fatalities,30,version,date,^excel_dt_1904|date,Release version date code
traffic_fatalities,31,gvid,census.GVid,^extract_geoid,GVid version of the geotype and geotypeval
,,,,,
ozone,1,id,int,,extract_desc
ozone,2,reportyear,str,,Year or years that indicator was reported
ozone,3,race_eth_code,int,,Race / ethnicity code
ozone,4,race_eth_name,str,,Race / ethnicity name
ozone,5,geotype,str,,Code for type of geographic area
ozone,6,geotypevalue,int,,Census geoid code
ozone,7,geoname,str,,Census name of geographic area
ozone,8,county_name,str,,County name
ozone,9,county_fips,int,,County FIPS code
ozone,10,region_name,str,,Name of region
ozone,11,region_code,int,,Numeric code of region
ozone,12,numerator,str,,
ozone,13,poppt,float,,
ozone,14,o3_unhealthy_days,float,,
ozone,15,ll_95ci,float,^na_is_none,Lower bound of 95% confidence interval
ozone,16,ul_95ci,float,^na_is_none,Upper bound of 95% confidence interval
ozone,17,se,float,^na_is_none,Standard error
ozone,18,rse,float,^catch_dbz,Relative standard error (se/percent * 100) expressed as a percent
ozone,19,ozone_decile,str,,
ozone,20,o3ratio_ca,float,,
ozone,21,version,date,^version_date,Release version date code
ozone,22,gvid,census.GVid,^extract_geoid,GVid version of the geotype and geotypeval
,,,,,
unsafe_water,1,id,int,,extract_desc
unsafe_water,2,reportyear,str,,Year or years that indicator was reported
unsafe_water,3,race_eth_code,int,,Race / ethnicity code
unsafe_water,4,race_eth_name,str,,Race / ethnicity name
unsafe_water,5,geotype,str,,Code for type of geographic area
unsafe_water,6,geotypevalue,int,,Census geoid code
unsafe_water,7,geoname,str,,Census name of geographic area
unsafe_water,8,county_fips,int,,County FIPS code
unsafe_water,9,county_name,str,,County name
unsafe_water,10,region_code,int,,Numeric code of region
unsafe_water,11,region_name,str,,Name of region
unsafe_water,12,category,str,,
unsafe_water,13,numerator,int,,
unsafe_water,14,denominator,int,,
unsafe_water,15,percent,float,,
unsafe_water,16,ll_95ci,float,,Lower bound of 95% confidence interval
unsafe_water,17,ul_95ci,float,,Upper bound of 95% confidence interval
unsafe_water,18,se,float,,Standard error
unsafe_water,19,rse,float,^catch_dbz,Relative standard error (se/percent * 100) expressed as a percent
unsafe_water,20,ca_decile,int,^na_is_none,Statewide decile ranking
unsafe_water,21,ca_rr,float,,Ratio of indicator to state average
unsafe_water,22,tot_pop,int,,
unsafe_water,23,coverage,float,,
unsafe_water,24,version,date,^excel_dt_1904|date,Release version date code
unsafe_water,25,gvid,census.GVid,^extract_geoid,GVid version of the geotype and geotypeval
,,,,,
miles_traveled,1,id,int,,extract_desc
miles_traveled,2,reportyear,int,,Year or years that indicator was reported
miles_traveled,3,geotype,str,,Code for type of geographic area
miles_traveled,4,geotypevalue,int,,Census geoid code
miles_traveled,5,geoname,str,,Census name of geographic area
miles_traveled,6,county_name,str,,County name
miles_traveled,7,county_fips,str,,County FIPS code
miles_traveled,8,region_name,str,,Name of region
miles_traveled,9,region_code,int,,Numeric code of region
miles_traveled,10,mode,str,,
miles_traveled,11,avmttotal,float,,
miles_traveled,12,totalpop,float,,
miles_traveled,13,mpcratio,float,,
miles_traveled,14,ll95ci_mpcratio,float,^na_is_none,Lower bound of 95% confidence interval
miles_traveled,15,ul95ci_mpcratio,float,^na_is_none,Upper bound of 95% confidence interval
miles_traveled,16,mpcratio_se,str,,
miles_traveled,17,mpcratio_rse,str,,
miles_traveled,18,ca_decile_mpcratio,int,^na_is_none,Statewide decile ranking
miles_traveled,19,ca_rr_mpc,float,,Ratio of indicator to state average
miles_traveled,20,areasqmi,str,,
miles_traveled,21,mpsqmiratio,str,,
miles_traveled,22,ll95ci_mpsqmiratio,float,^na_is_none,Lower bound of 95% confidence interval
miles_traveled,23,ul95ci_mpsqmiratio,float,^na_is_none,Upper bound of 95% confidence interval
miles_traveled,24,mpsqmiratio_se,str,,
miles_traveled,25,mpsqmiratio_rse,str,,
miles_traveled,26,ca_decile_mpsqmiratio,int,^na_is_none,Statewide decile ranking
miles_traveled,27,ca_rr_mpsqmi,float,^na_is_none,Ratio of indicator to state average
miles_traveled,28,groupquarters,str,,
miles_traveled,29,version,date,^excel_dt_1904|date,Release version date code
miles_traveled,30,gvid,census.GVid,^extract_geoid,GVid version of the geotype and geotypeval
,,,,,
healthy_food,1,id,int,,
healthy_food,2,reportyear,int,,Year or years that indicator was reported
healthy_food,3,race_eth_name,str,,Race / ethnicity name
healthy_food,4,race_eth_code,int,,Race / ethnicity code
healthy_food,5,geotype,str,,Code for type of geographic area
healthy_food,6,geotypevalue,int,,Census geoid code
healthy_food,7,geoname,str,,Census name of geographic area
healthy_food,8,county_name,str,,County name
healthy_food,9,county_fips,int,,County FIPS code
healthy_food,10,region_name,str,,Name of region
healthy_food,11,region_code,int,,Numeric code of region
healthy_food,12,mrfei,float,,
healthy_food,13,ll95ci,float,^na_is_none,Lower bound of 95% confidence interval
healthy_food,14,ul95ci,float,^na_is_none,Upper bound of 95% confidence interval
healthy_food,15,se,float,^na_is_none,Standard error
healthy_food,16,rse,float,^catch_dbz,Relative standard error (se/percent * 100) expressed as a percent
healthy_food,17,ca_decile,int,,Statewide decile ranking
healthy_food,18,ca_rr,float,,Ratio of indicator to state average
healthy_food,19,pop00,int,,
healthy_food,20,version,date,^excel_dt_1904|date,Release version date code
healthy_food,21,gvid,census.GVid,^extract_geoid,GVid version of the geotype and geotypeval
,,,,,
jobs_employed_ratio,1,id,int,,extract_desc
jobs_employed_ratio,2,reportyear,int,,Year or years that indicator was reported
jobs_employed_ratio,3,race_eth_code,int,,Race / ethnicity code
jobs_employed_ratio,4,race_eth_name,str,,Race / ethnicity name
jobs_employed_ratio,5,geotype,str,,Code for type of geographic area
jobs_employed_ratio,6,geotypevalue,int,,Census geoid code
jobs_employed_ratio,7,geoname,str,,Census name of geographic area
jobs_employed_ratio,8,county_name,str,,County name
jobs_employed_ratio,9,county_fips,int,,County FIPS code
jobs_employed_ratio,10,msa_name,str,,
jobs_employed_ratio,11,msa_code,str,,
jobs_employed_ratio,12,strata_name_code,int,,Strata name code
jobs_employed_ratio,13,strata_name,str,,Strata name
jobs_employed_ratio,14,strata_level_name_code,int,,Strata level name code
jobs_employed_ratio,15,strata_level_name,str,,Strata level name
jobs_employed_ratio,16,jobs,int,,
jobs_employed_ratio,17,employed_res,int,,
jobs_employed_ratio,18,ratio,float,,
jobs_employed_ratio,19,ll_95ci,float,^na_is_none,Lower bound of 95% confidence interval
jobs_employed_ratio,20,ul_95ci,float,^na_is_none,Upper bound of 95% confidence interval
jobs_employed_ratio,21,ratio_se,float,^na_is_none,
jobs_employed_ratio,22,ratio_rse,float,^na_is_none,
jobs_employed_ratio,23,ratio_decile,str,,
jobs_employed_ratio,24,ms_rr,str,,
jobs_employed_ratio,25,version,date,^excel_dt_1904|date,Release version date code
jobs_employed_ratio,26,gvid,census.GVid,^extract_geoid,GVid version of the geotype and geotypeval
,,,,,
neighborhood_change,1,id,int,,extract_desc
neighborhood_change,2,reportyear,str,,Year or years that indicator was reported
neighborhood_change,3,race_eth_code,int,,Race / ethnicity code
neighborhood_change,4,race_eth_name,str,,Race / ethnicity name
neighborhood_change,5,geotype,str,,Code for type of geographic area
neighborhood_change,6,geotypevalue,int,,Census geoid code
neighborhood_change,7,geoname,str,,Census name of geographic area
neighborhood_change,8,county_name,str,,County name
neighborhood_change,9,county_fips,int,,County FIPS code
neighborhood_change,10,region_name,str,,Name of region
neighborhood_change,11,region_code,int,,Numeric code of region
neighborhood_change,12,strata_name_code,int,,Strata name code
neighborhood_change,13,strata_name,str,,Strata name
neighborhood_change,14,strata_level_name_code,int,,Strata level name code
neighborhood_change,15,strata_level_name,str,,Strata level name
neighborhood_change,16,numberhh00_10dol,int,,
neighborhood_change,17,numberhh10_10dol,int,,
neighborhood_change,18,difference,int,,
neighborhood_change,19,ll_95ci,float,,Lower bound of 95% confidence interval
neighborhood_change,20,ul_95ci,float,,Upper bound of 95% confidence interval
neighborhood_change,21,se,float,,Standard error
neighborhood_change,22,rse,float,^catch_dbz,Relative standard error (se/percent * 100) expressed as a percent
neighborhood_change,23,place_decile,str,,
neighborhood_change,24,ca_rr,float,^na_is_none,Ratio of indicator to state average
neighborhood_change,25,version,date,^excel_dt_1904|date,Release version date code
neighborhood_change,26,gvid,census.GVid,^extract_geoid,GVid version of the geotype and geotypeval
,,,,,
violent_crime,1,id,int,,extract_desc
violent_crime,2,reportyear,int,,Year or years that indicator was reported
violent_crime,3,race_eth_code,int,,Race / ethnicity code
violent_crime,4,race_eth_name,str,,Race / ethnicity name
violent_crime,5,geotype,str,,Code for type of geographic area
violent_crime,6,geotypevalue,int,,Census geoid code
violent_crime,7,geoname,str,,Census name of geographic area
violent_crime,8,county_name,str,,County name
violent_crime,9,county_fips,int,,County FIPS code
violent_crime,10,region_name,str,,Name of region
violent_crime,11,region_code,int,,Numeric code of region
violent_crime,12,numerator,int,,
violent_crime,13,denominator,int,,
violent_crime,14,ratex1000,float,,
violent_crime,15,ll_95ci,float,,Lower bound of 95% confidence interval
violent_crime,16,ul_95ci,float,,Upper bound of 95% confidence interval
violent_crime,17,se,float,,Standard error
violent_crime,18,rse,float,^catch_dbz,Relative standard error (se/percent * 100) expressed as a percent
violent_crime,19,ca_decile,int,,Statewide decile ranking
violent_crime,20,rr_city2state,float,,
violent_crime,21,version,date,^version_date,Release version date code
violent_crime,22,gvid,census.GVid,^extract_geoid,GVid version of the geotype and geotypeval
,,,,,
household_type_tracts,1,id,int,,extract_desc
household_type_tracts,2,reportyear,str,,Year or years that indicator was reported
household_type_tracts,3,race_eth_code,int,,Race / ethnicity code
household_type_tracts,4,race_eth_name,str,,Race / ethnicity name
household_type_tracts,5,geotype,str,,Code for type of geographic area
household_type_tracts,6,geotypevalue,int,,Census geoid code
household_type_tracts,7,geoname,int,,Census name of geographic area
household_type_tracts,8,county_name,str,,County name
household_type_tracts,9,county_fips,int,,County FIPS code
household_type_tracts,10,region_name,str,,Name of region
household_type_tracts,11,region_code,int,,Numeric code of region
household_type_tracts,12,strata_name_code,int,,Strata name code
household_type_tracts,13,strata_name,str,,Strata name
household_type_tracts,14,strata_level_name_code,int,,Strata level name code
household_type_tracts,15,strata_level_name,str,,Strata level name
household_type_tracts,16,households,int,,
household_type_tracts,17,total_households,int,,
household_type_tracts,18,households_percent,float,,
household_type_tracts,19,ll95ci_percent,float,,Lower bound of 95% confidence interval
household_type_tracts,20,ul95ci_percent,float,,Upper bound of 95% confidence interval
household_type_tracts,21,percent_se,float,,
household_type_tracts,22,percent_rse,float,,
household_type_tracts,23,ca_decile,int,^na_is_none,Statewide decile ranking
household_type_tracts,24,ca_rr,float,,Ratio of indicator to state average
household_type_tracts,25,version,date,^excel_dt_1904|date,Release version date code
household_type_tracts,26,gvid,census.GVid,^extract_geoid,GVid version of the geotype and geotypeval
,,,,,
public_transit,1,id,int,,extract_desc
public_transit,2,reportyear,int,,Year or years that indicator was reported
public_transit,3,race_eth_code,int,,Race / ethnicity code
public_transit,4,race_eth_name,str,,Race / ethnicity name
public_transit,5,geotype,str,,Code for type of geographic area
public_transit,6,geotypevalue,int,,Census geoid code
public_transit,7,geoname,str,,Census name of geographic area
public_transit,8,county_name,str,,County name
public_transit,9,county_fips,int,,County FIPS code
public_transit,10,region_name,str,,Name of region
public_transit,11,region_code,int,,Numeric code of region
public_transit,12,pop_trans_acc,int,,
public_transit,13,pop2010,int,,
public_transit,14,p_trans_acc,float,,
public_transit,15,ll_95ci,float,,Lower bound of 95% confidence interval
public_transit,16,ul_95ci,float,,Upper bound of 95% confidence interval
public_transit,17,se,float,,Standard error
public_transit,18,rse,float,^catch_dbz,Relative standard error (se/percent * 100) expressed as a percent
public_transit,19,mtc_decile,str,,
public_transit,20,sac_decile,str,,Decile ranking in Sacramento area
public_transit,21,sc_decile,str,,Decile ranking in Southern California area
public_transit,22,sd_decile,str,,Decile ranking in San Diego area
public_transit,23,mtc_rr,float,,
public_transit,24,sac_rr,float,,Ratio of indicator to Sacramento area average
public_transit,25,sc_rr,float,,Ratio of indicator to  Southern California area average
public_transit,26,sd_rr,float,,Ratio of indicator to San Diego area average
public_transit,27,version,date,^excel_dt_1904|date,Release version date code
public_transit,28,gvid,census.GVid,^extract_geoid,GVid version of the geotype and geotypeval
,,,,,
jobs_housing_ratio,1,id,int,,extract_desc
jobs_housing_ratio,2,reportyear,str,,Year or years that indicator was reported
jobs_housing_ratio,3,race_eth_code,int,,Race / ethnicity code
jobs_housing_ratio,4,race_eth_name,str,,Race / ethnicity name
jobs_housing_ratio,5,geotype,str,,Code for type of geographic area
jobs_housing_ratio,6,geotypevalue,int,,Census geoid code
jobs_housing_ratio,7,geoname,str,,Census name of geographic area
jobs_housing_ratio,8,county_name,str,,County name
jobs_housing_ratio,9,county_fips,int,,County FIPS code
jobs_housing_ratio,10,msa_name,str,,
jobs_housing_ratio,11,msa_code,int,,
jobs_housing_ratio,12,strata_name_code,int,,Strata name code
jobs_housing_ratio,13,strata_name,str,,Strata name
jobs_housing_ratio,14,strata_level_name_code,int,,Strata level name code
jobs_housing_ratio,15,strata_level_name,str,,Strata level name
jobs_housing_ratio,16,jobs,int,,
jobs_housing_ratio,17,housing,int,,
jobs_housing_ratio,18,ratio,float,,
jobs_housing_ratio,19,ll_95ci,float,,Lower bound of 95% confidence interval
jobs_housing_ratio,20,ul_95ci,float,,Upper bound of 95% confidence interval
jobs_housing_ratio,21,ratio_se,float,,
jobs_housing_ratio,22,ratio_rse,float,,
jobs_housing_ratio,23,ratio_decile,int,,
jobs_housing_ratio,24,ms_rr,float,,
jobs_housing_ratio,25,version,date,^excel_dt_1904|date,Release version date code
jobs_housing_ratio,26,gvid,census.GVid,^extract_geoid,GVid version of the geotype and geotypeval
,,,,,
registered_voters,1,id,int,,extract_desc
registered_voters,2,reportyear,int,,Year or years that indicator was reported
registered_voters,3,race_eth_code,int,,Race / ethnicity code
registered_voters,4,race_eth_name,str,,Race / ethnicity name
registered_voters,5,geotype,str,,Code for type of geographic area
registered_voters,6,geotypevalue,int,,Census geoid code
registered_voters,7,geoname,str,,Census name of geographic area
registered_voters,8,county_fips,int,,County FIPS code
registered_voters,9,county_name,str,,County name
registered_voters,10,region_code,int,,Numeric code of region
registered_voters,11,region_name,str,,Name of region
registered_voters,12,type,str,,
registered_voters,13,numerator,int,,
registered_voters,14,denominator,int,,
registered_voters,15,percent,float,,
registered_voters,16,ll_95ci,float,,Lower bound of 95% confidence interval
registered_voters,17,ul_95ci,float,,Upper bound of 95% confidence interval
registered_voters,18,se,float,,Standard error
registered_voters,19,rse,float,^catch_dbz,Relative standard error (se/percent * 100) expressed as a percent
registered_voters,20,ca_decile,int,^na_is_none,Statewide decile ranking
registered_voters,21,ca_rr,float,,Ratio of indicator to state average
registered_voters,22,vap,float,,
registered_voters,23,version,date,^excel_dt_1904|date,Release version date code
registered_voters,24,gvid,census.GVid,^extract_geoid,GVid version of the geotype and geotypeval
,,,,,
walk_bicycyle,1,id,int,,extract_desc
walk_bicycyle,2,reportyear,str,,Year or years that indicator was reported
walk_bicycyle,3,race_eth_code,int,,Race / ethnicity code
walk_bicycyle,4,race_eth_name,str,,Race / ethnicity name
walk_bicycyle,5,geotype,str,,Code for type of geographic area
walk_bicycyle,6,geotypevalue,int,,Census geoid code
walk_bicycyle,7,geoname,str,,Census name of geographic area
walk_bicycyle,8,county_name,str,,County name
walk_bicycyle,9,county_fips,int,,County FIPS code
walk_bicycyle,10,region_name,str,,Name of region
walk_bicycyle,11,region_code,int,,Numeric code of region
walk_bicycyle,12,modetwk,str,,
walk_bicycyle,13,n_total,float,,
walk_bicycyle,14,n_time_mode,float,,
walk_bicycyle,15,percent,float,,
walk_bicycyle,16,ll95ci_percent,float,,Lower bound of 95% confidence interval
walk_bicycyle,17,ul95ci_percent,float,,Upper bound of 95% confidence interval
walk_bicycyle,18,percent_se,float,,
walk_bicycyle,19,percent_rse,float,,
walk_bicycyle,20,ca_decile,int,^na_is_none,Statewide decile ranking
walk_bicycyle,21,ca_rr,float,,Ratio of indicator to state average
walk_bicycyle,22,version,date,^excel_dt_1904|date,Release version date code
walk_bicycyle,23,gvid,census.GVid,^extract_geoid,GVid version of the geotype and geotypeval
,,,,,
high_school_ed,1,id,int,,extract_desc
high_school_ed,2,reportyear,str,,Year or years that indicator was reported
high_school_ed,3,race_eth_code,int,,Race / ethnicity code
high_school_ed,4,race_eth_name,str,,Race / ethnicity name
high_school_ed,5,geotype,str,,Code for type of geographic area
high_school_ed,6,geotypevalue,int,,Census geoid code
high_school_ed,7,geoname,str,,Census name of geographic area
high_school_ed,8,county_name,str,,County name
high_school_ed,9,county_fips,int,,County FIPS code
high_school_ed,10,region_name,str,,Name of region
high_school_ed,11,region_code,int,,Numeric code of region
high_school_ed,12,pop25pl_hs,float,,
high_school_ed,13,pop25pl,int,,
high_school_ed,14,p_hs_edatt,float,,
high_school_ed,15,se,float,,Standard error
high_school_ed,16,rse,float,^catch_dbz,Relative standard error (se/percent * 100) expressed as a percent
high_school_ed,17,ll_95ci,float,,Lower bound of 95% confidence interval
high_school_ed,18,ul_95ci,float,,Upper bound of 95% confidence interval
high_school_ed,19,ca_decile,int,,Statewide decile ranking
high_school_ed,20,ca_rr,float,,Ratio of indicator to state average
high_school_ed,21,version,date,^excel_dt_1904|date,Release version date code
high_school_ed,22,gvid,census.GVid,^extract_geoid,GVid version of the geotype and geotypeval
